{
    "MD1CS064": {
        "MD1CS064_C": {
            "Model_OldMatrix": {
                "V6_TDI_LK2_MHEV_FXv1204": {
                    "220125_184340_pcie.zip": "//bosch.com/dfsrb/DfsDE/DIV/DGS/08/EC/20_CE/PJ/60_SRL_LCT/LC_TESTS/Projects/003/LCO_Projects/LCOV5.4.11/MD1CS064/MD1CS064_C/Model_OldMatrix/V6_TDI_LK2_MHEV_FXv1204/Released/220125_184340_pcie.zip"
                }
            },
            "V6_TDI_LK2_MHEV_FXv1206": {
                "221115_134824_pcie.zip": "//bosch.com/dfsrb/DfsDE/DIV/DGS/08/EC/20_CE/PJ/60_SRL_LCT/LC_TESTS/Projects/003/LCO_Projects/LCOV5.4.11/MD1CS064/MD1CS064_C/V6_TDI_LK2_MHEV_FXv1206/Released/221115_134824_pcie.zip"
            },
            "V6_TDI_LK2_MHEV_FXv1207": {
                "231110_180002_pcie.zip": "//bosch.com/dfsrb/DfsDE/DIV/DGS/08/EC/20_CE/PJ/60_SRL_LCT/LC_TESTS/Projects/003/LCO_Projects/LCOV5.4.11/MD1CS064/MD1CS064_C/V6_TDI_LK2_MHEV_FXv1207/Released/231110_180002_pcie.zip"
            }
        }
    },
    "MD1CS104": {
        "MD1CS104_C": {
            "P1894_CNF_AT_CANFDV14": {
                "220421_170842_vme.zip": "//bosch.com/dfsrb/DfsDE/DIV/DGS/08/EC/20_CE/PJ/60_SRL_LCT/LC_TESTS/Projects/003/LCO_Projects/LCOV5.4.11/MD1CS104/MD1CS104_C/P1894_CNF_AT_CANFDV14/Released/220421_170842_vme.zip",
                "220915_132052_vme.zip": "//bosch.com/dfsrb/DfsDE/DIV/DGS/08/EC/20_CE/PJ/60_SRL_LCT/LC_TESTS/Projects/003/LCO_Projects/LCOV5.4.11/MD1CS104/MD1CS104_C/P1894_CNF_AT_CANFDV14/Released/220915_132052_vme.zip"
            },
            "P1894_CNF_MT_CANFDV14": {
                "220421_153926_vme.zip": "//bosch.com/dfsrb/DfsDE/DIV/DGS/08/EC/20_CE/PJ/60_SRL_LCT/LC_TESTS/Projects/003/LCO_Projects/LCOV5.4.11/MD1CS104/MD1CS104_C/P1894_CNF_MT_CANFDV14/Released/220421_153926_vme.zip"
            }
        }
    },
    "MG1CA811": {
        "MG1CA811_C_VeMoX_R270": {
            "EA111_RSA_R4_MPI_AT_CANv5": {
                "220406_114548_vme.zip": "//bosch.com/dfsrb/DfsDE/DIV/DGS/08/EC/20_CE/PJ/60_SRL_LCT/LC_TESTS/Projects/003/LCO_Projects/LCOV5.4.11/MG1CA811/MG1CA811_C_VeMoX_R270/EA111_RSA_R4_MPI_AT_CANv5/Released/220406_114548_vme.zip"
            },
            "EA211_BZ_R3_MPI_MT_CANv7": {
                "230712_162104_vme.zip": "//bosch.com/dfsrb/DfsDE/DIV/DGS/08/EC/20_CE/PJ/60_SRL_LCT/LC_TESTS/Projects/003/LCO_Projects/LCOV5.4.11/MG1CA811/MG1CA811_C_VeMoX_R270/EA211_BZ_R3_MPI_MT_CANv7/Released/230712_162104_vme.zip"
            },
            "EA211_BZ_R4_MPI_MT_CANv5": {
                "230918_153145_vme.zip": "//bosch.com/dfsrb/DfsDE/DIV/DGS/08/EC/20_CE/PJ/60_SRL_LCT/LC_TESTS/Projects/003/LCO_Projects/LCOV5.4.11/MG1CA811/MG1CA811_C_VeMoX_R270/EA211_BZ_R4_MPI_MT_CANv5/Released/230918_153145_vme.zip"
            },
            "EA211_R4_MPI_AT_CANv7": {
                "220422_072615_vme.zip": "//bosch.com/dfsrb/DfsDE/DIV/DGS/08/EC/20_CE/PJ/60_SRL_LCT/LC_TESTS/Projects/003/LCO_Projects/LCOV5.4.11/MG1CA811/MG1CA811_C_VeMoX_R270/EA211_R4_MPI_AT_CANv7/Released/220422_072615_vme.zip",
                "220506_200350_vme.zip": "//bosch.com/dfsrb/DfsDE/DIV/DGS/08/EC/20_CE/PJ/60_SRL_LCT/LC_TESTS/Projects/003/LCO_Projects/LCOV5.4.11/MG1CA811/MG1CA811_C_VeMoX_R270/EA211_R4_MPI_AT_CANv7/Released/220506_200350_vme.zip"
            },
            "EA211_R4_MPI_AT_CANv7_UNECE": {
                "230404_180221_vme.zip": "//bosch.com/dfsrb/DfsDE/DIV/DGS/08/EC/20_CE/PJ/60_SRL_LCT/LC_TESTS/Projects/003/LCO_Projects/LCOV5.4.11/MG1CA811/MG1CA811_C_VeMoX_R270/EA211_R4_MPI_AT_CANv7_UNECE/Released/230404_180221_vme.zip"
            },
            "EA211_R4_MPI_AT_CANv9": {
                "220505_191307_vme.zip": "//bosch.com/dfsrb/DfsDE/DIV/DGS/08/EC/20_CE/PJ/60_SRL_LCT/LC_TESTS/Projects/003/LCO_Projects/LCOV5.4.11/MG1CA811/MG1CA811_C_VeMoX_R270/EA211_R4_MPI_AT_CANv9/Released/220505_191307_vme.zip"
            },
            "EA211_R4_MPI_MT_CANv1407": {
                "230606_070648_vme.zip": "//bosch.com/dfsrb/DfsDE/DIV/DGS/08/EC/20_CE/PJ/60_SRL_LCT/LC_TESTS/Projects/003/LCO_Projects/LCOV5.4.11/MG1CA811/MG1CA811_C_VeMoX_R270/EA211_R4_MPI_MT_CANv1407/Released/230606_070648_vme.zip",
                "231201_110839_vme.zip": "//bosch.com/dfsrb/DfsDE/DIV/DGS/08/EC/20_CE/PJ/60_SRL_LCT/LC_TESTS/Projects/003/LCO_Projects/LCOV5.4.11/MG1CA811/MG1CA811_C_VeMoX_R270/EA211_R4_MPI_MT_CANv1407/Released/231201_110839_vme.zip",
                "240603_165839_vme.zip": "//bosch.com/dfsrb/DfsDE/DIV/DGS/08/EC/20_CE/PJ/60_SRL_LCT/LC_TESTS/Projects/003/LCO_Projects/LCOV5.4.11/MG1CA811/MG1CA811_C_VeMoX_R270/EA211_R4_MPI_MT_CANv1407/Released/240603_165839_vme.zip"
            }
        }
    },
    "MG1CS031": {
        "MG1CS031_C": {
            "1682_2099_MLBevo_OPF_NTK_DQ7_MHEV_FXv8": {
                "221121_145436_vme.zip": "//bosch.com/dfsrb/DfsDE/DIV/DGS/08/EC/20_CE/PJ/60_SRL_LCT/LC_TESTS/Projects/003/LCO_Projects/LCOV5.4.11/MG1CS031/MG1CS031_C/1682_2099_MLBevo_OPF_NTK_DQ7_MHEV_FXv8/Released/221121_145436_vme.zip"
            }
        }
    },
    "MG1CS038": {
        "MG1CS038_C3": {
            "V8T_Stereo_DCT_FX_v8_PCIe": {
                "230601_194257_pcie.zip": "//bosch.com/dfsrb/DfsDE/DIV/DGS/08/EC/20_CE/PJ/60_SRL_LCT/LC_TESTS/Projects/003/LCO_Projects/LCOV5.4.11/MG1CS038/MG1CS038_C3/V8T_Stereo_DCT_FX_v8_PCIe/Released/230601_194257_pcie.zip"
            }
        }
    },
    "MG1CS111": {
        "MG1CS111_C": {
            "1628_MQB_OPF_NTK_DQ7_CANv7": {
                "220323_181324_vme_SW261released.zip": "//bosch.com/dfsrb/DfsDE/DIV/DGS/08/EC/20_CE/PJ/60_SRL_LCT/LC_TESTS/Projects/003/LCO_Projects/LCOV5.4.11/MG1CS111/MG1CS111_C/1628_MQB_OPF_NTK_DQ7_CANv7/Released/220323_181324_vme_SW261released.zip"
            }
        }
    },
    "MG1CS142": {
        "MG1CS142_C": {
            "2292_NTK_DQ7_CANv14_SOK": {
                "220428_140745_vme.zip": "//bosch.com/dfsrb/DfsDE/DIV/DGS/08/EC/20_CE/PJ/60_SRL_LCT/LC_TESTS/Projects/003/LCO_Projects/LCOV5.4.11/MG1CS142/MG1CS142_C/2292_NTK_DQ7_CANv14_SOK/Released/220428_140745_vme.zip",
                "221014_234822_vme.zip": "//bosch.com/dfsrb/DfsDE/DIV/DGS/08/EC/20_CE/PJ/60_SRL_LCT/LC_TESTS/Projects/003/LCO_Projects/LCOV5.4.11/MG1CS142/MG1CS142_C/2292_NTK_DQ7_CANv14_SOK/Released/221014_234822_vme.zip",
                "230426_134136_vme.zip": "//bosch.com/dfsrb/DfsDE/DIV/DGS/08/EC/20_CE/PJ/60_SRL_LCT/LC_TESTS/Projects/003/LCO_Projects/LCOV5.4.11/MG1CS142/MG1CS142_C/2292_NTK_DQ7_CANv14_SOK/Released/230426_134136_vme.zip"
            },
            "2293_NTK_DQ7_CANv14_SOK": {
                "220428_150923_vme.zip": "//bosch.com/dfsrb/DfsDE/DIV/DGS/08/EC/20_CE/PJ/60_SRL_LCT/LC_TESTS/Projects/003/LCO_Projects/LCOV5.4.11/MG1CS142/MG1CS142_C/2293_NTK_DQ7_CANv14_SOK/Released/220428_150923_vme.zip",
                "220919_195413_vme.zip": "//bosch.com/dfsrb/DfsDE/DIV/DGS/08/EC/20_CE/PJ/60_SRL_LCT/LC_TESTS/Projects/003/LCO_Projects/LCOV5.4.11/MG1CS142/MG1CS142_C/2293_NTK_DQ7_CANv14_SOK/Released/220919_195413_vme.zip",
                "231013_143530_vme.zip": "//bosch.com/dfsrb/DfsDE/DIV/DGS/08/EC/20_CE/PJ/60_SRL_LCT/LC_TESTS/Projects/003/LCO_Projects/LCOV5.4.11/MG1CS142/MG1CS142_C/2293_NTK_DQ7_CANv14_SOK/Released/231013_143530_vme.zip"
            },
            "2317_NTK_DQ7_CANv14_SOK": {
                "220428_161943_vme.zip": "//bosch.com/dfsrb/DfsDE/DIV/DGS/08/EC/20_CE/PJ/60_SRL_LCT/LC_TESTS/Projects/003/LCO_Projects/LCOV5.4.11/MG1CS142/MG1CS142_C/2317_NTK_DQ7_CANv14_SOK/Released/220428_161943_vme.zip",
                "240327_115701_vme.zip": "//bosch.com/dfsrb/DfsDE/DIV/DGS/08/EC/20_CE/PJ/60_SRL_LCT/LC_TESTS/Projects/003/LCO_Projects/LCOV5.4.11/MG1CS142/MG1CS142_C/2317_NTK_DQ7_CANv14_SOK/Released/240327_115701_vme.zip"
            }
        }
    },
    "MG1CS211": {
        "MG1CS211_C_EA211Classic": {
            "EA211_CN_R4_DQ_SOK_CANv14": {
                "240222_084759_vme.zip": "//bosch.com/dfsrb/DfsDE/DIV/DGS/08/EC/20_CE/PJ/60_SRL_LCT/LC_TESTS/Projects/003/LCO_Projects/LCOV5.4.11/MG1CS211/MG1CS211_C_EA211Classic/EA211_CN_R4_DQ_SOK_CANv14/Released/240222_084759_vme.zip"
            },
            "EA211_PL8_R3_AQ_CANv7": {
                "231004_091440_vme.zip": "//bosch.com/dfsrb/DfsDE/DIV/DGS/08/EC/20_CE/PJ/60_SRL_LCT/LC_TESTS/Projects/003/LCO_Projects/LCOV5.4.11/MG1CS211/MG1CS211_C_EA211Classic/EA211_PL8_R3_AQ_CANv7/Released/231004_091440_vme.zip",
                "231110_170225_vme.zip": "//bosch.com/dfsrb/DfsDE/DIV/DGS/08/EC/20_CE/PJ/60_SRL_LCT/LC_TESTS/Projects/003/LCO_Projects/LCOV5.4.11/MG1CS211/MG1CS211_C_EA211Classic/EA211_PL8_R3_AQ_CANv7/Released/231110_170225_vme.zip"
            },
            "EA211_PL8_R3_MQ_CANv7": {
                "231017_111433_vme.zip": "//bosch.com/dfsrb/DfsDE/DIV/DGS/08/EC/20_CE/PJ/60_SRL_LCT/LC_TESTS/Projects/003/LCO_Projects/LCOV5.4.11/MG1CS211/MG1CS211_C_EA211Classic/EA211_PL8_R3_MQ_CANv7/Released/231017_111433_vme.zip"
            },
            "EA211_RDW_IN_R3_TSI_MQ_CANv7": {
                "240312_155904_vme.zip": "//bosch.com/dfsrb/DfsDE/DIV/DGS/08/EC/20_CE/PJ/60_SRL_LCT/LC_TESTS/Projects/003/LCO_Projects/LCOV5.4.11/MG1CS211/MG1CS211_C_EA211Classic/EA211_RDW_IN_R3_TSI_MQ_CANv7/Released/240312_155904_vme.zip"
            },
            "EA211_RDW_R4_DQ_SOK_CANv14": {
                "220315_175012_vme.zip": "//bosch.com/dfsrb/DfsDE/DIV/DGS/08/EC/20_CE/PJ/60_SRL_LCT/LC_TESTS/Projects/003/LCO_Projects/LCOV5.4.11/MG1CS211/MG1CS211_C_EA211Classic/EA211_RDW_R4_DQ_SOK_CANv14/Released/220315_175012_vme.zip",
                "221028_080646_vme.zip": "//bosch.com/dfsrb/DfsDE/DIV/DGS/08/EC/20_CE/PJ/60_SRL_LCT/LC_TESTS/Projects/003/LCO_Projects/LCOV5.4.11/MG1CS211/MG1CS211_C_EA211Classic/EA211_RDW_R4_DQ_SOK_CANv14/Released/221028_080646_vme.zip"
            }
        },
        "MG1CS211_C_EA211Evo": {
            "110kW_OPF_DQ_CANv7": {
                "231109_120515_vme.zip": "//bosch.com/dfsrb/DfsDE/DIV/DGS/08/EC/20_CE/PJ/60_SRL_LCT/LC_TESTS/Projects/003/LCO_Projects/LCOV5.4.11/MG1CS211/MG1CS211_C_EA211Evo/110kW_OPF_DQ_CANv7/Released/231109_120515_vme.zip"
            },
            "110kW_OPF_DQ_MHEV_CANv14": {
                "231123_095301_vme.zip": "//bosch.com/dfsrb/DfsDE/DIV/DGS/08/EC/20_CE/PJ/60_SRL_LCT/LC_TESTS/Projects/003/LCO_Projects/LCOV5.4.11/MG1CS211/MG1CS211_C_EA211Evo/110kW_OPF_DQ_MHEV_CANv14/Released/231123_095301_vme.zip"
            },
            "110kW_OPF_DQ_MHEV_CANv14_PCIe": {
                "221017_195215_pcie.zip": "//bosch.com/dfsrb/DfsDE/DIV/DGS/08/EC/20_CE/PJ/60_SRL_LCT/LC_TESTS/Projects/003/LCO_Projects/LCOV5.4.11/MG1CS211/MG1CS211_C_EA211Evo/110kW_OPF_DQ_MHEV_CANv14_PCIe/Released/221017_195215_pcie.zip"
            },
            "118KW_CN_OPF_DQ_CANv14": {
                "231123_153030_vme.zip": "//bosch.com/dfsrb/DfsDE/DIV/DGS/08/EC/20_CE/PJ/60_SRL_LCT/LC_TESTS/Projects/003/LCO_Projects/LCOV5.4.11/MG1CS211/MG1CS211_C_EA211Evo/118KW_CN_OPF_DQ_CANv14/Released/231123_153030_vme.zip"
            },
            "2433_118KW_CN_OPF_DQ_CANv7": {
                "240123_131211_vme.zip": "//bosch.com/dfsrb/DfsDE/DIV/DGS/08/EC/20_CE/PJ/60_SRL_LCT/LC_TESTS/Projects/003/LCO_Projects/LCOV5.4.11/MG1CS211/MG1CS211_C_EA211Evo/2433_118KW_CN_OPF_DQ_CANv7/Released/240123_131211_vme.zip"
            }
        },
        "MG1CS211_C_EA211EvoR3": {
            "EA211_TSIevo_R3_MQ_CANv7": {
                "230504_064816_vme.zip": "//bosch.com/dfsrb/DfsDE/DIV/DGS/08/EC/20_CE/PJ/60_SRL_LCT/LC_TESTS/Projects/003/LCO_Projects/LCOV5.4.11/MG1CS211/MG1CS211_C_EA211EvoR3/EA211_TSIevo_R3_MQ_CANv7/Released/230504_064816_vme.zip"
            }
        },
        "MG1CS211_C_PHEV": {
            "P1809_EA211_TSI_R4_PHEV_CANv9": {
                "221027_172814_vme.zip": "//bosch.com/dfsrb/DfsDE/DIV/DGS/08/EC/20_CE/PJ/60_SRL_LCT/LC_TESTS/Projects/003/LCO_Projects/LCOV5.4.11/MG1CS211/MG1CS211_C_PHEV/P1809_EA211_TSI_R4_PHEV_CANv9/Released/221027_172814_vme.zip"
            },
            "P2066_EA211_TSIevo_R4_PHEV_SOK_CANv14": {
                "210702_140939_vme.zip": "//bosch.com/dfsrb/DfsDE/DIV/DGS/08/EC/20_CE/PJ/60_SRL_LCT/LC_TESTS/Projects/003/LCO_Projects/LCOV5.4.11/MG1CS211/MG1CS211_C_PHEV/P2066_EA211_TSIevo_R4_PHEV_SOK_CANv14/Released/210702_140939_vme.zip",
                "220331_162646_vme.zip": "//bosch.com/dfsrb/DfsDE/DIV/DGS/08/EC/20_CE/PJ/60_SRL_LCT/LC_TESTS/Projects/003/LCO_Projects/LCOV5.4.11/MG1CS211/MG1CS211_C_PHEV/P2066_EA211_TSIevo_R4_PHEV_SOK_CANv14/Released/220331_162646_vme.zip",
                "220919_143928_vme.zip": "//bosch.com/dfsrb/DfsDE/DIV/DGS/08/EC/20_CE/PJ/60_SRL_LCT/LC_TESTS/Projects/003/LCO_Projects/LCOV5.4.11/MG1CS211/MG1CS211_C_PHEV/P2066_EA211_TSIevo_R4_PHEV_SOK_CANv14/Released/220919_143928_vme.zip",
                "221215_160646_vme.zip": "//bosch.com/dfsrb/DfsDE/DIV/DGS/08/EC/20_CE/PJ/60_SRL_LCT/LC_TESTS/Projects/003/LCO_Projects/LCOV5.4.11/MG1CS211/MG1CS211_C_PHEV/P2066_EA211_TSIevo_R4_PHEV_SOK_CANv14/Released/221215_160646_vme.zip",
                "230102_094856_vme.zip": "//bosch.com/dfsrb/DfsDE/DIV/DGS/08/EC/20_CE/PJ/60_SRL_LCT/LC_TESTS/Projects/003/LCO_Projects/LCOV5.4.11/MG1CS211/MG1CS211_C_PHEV/P2066_EA211_TSIevo_R4_PHEV_SOK_CANv14/Released/230102_094856_vme.zip",
                "230327_152734_vme.zip": "//bosch.com/dfsrb/DfsDE/DIV/DGS/08/EC/20_CE/PJ/60_SRL_LCT/LC_TESTS/Projects/003/LCO_Projects/LCOV5.4.11/MG1CS211/MG1CS211_C_PHEV/P2066_EA211_TSIevo_R4_PHEV_SOK_CANv14/Released/230327_152734_vme.zip",
                "230925_155621_vme.zip": "//bosch.com/dfsrb/DfsDE/DIV/DGS/08/EC/20_CE/PJ/60_SRL_LCT/LC_TESTS/Projects/003/LCO_Projects/LCOV5.4.11/MG1CS211/MG1CS211_C_PHEV/P2066_EA211_TSIevo_R4_PHEV_SOK_CANv14/Released/230925_155621_vme.zip"
            },
            "P2322_EA211_TSIevo_R4_PHEV_4x4_SOK_CANv14": {
                "230925_143157_vme.zip": "//bosch.com/dfsrb/DfsDE/DIV/DGS/08/EC/20_CE/PJ/60_SRL_LCT/LC_TESTS/Projects/003/LCO_Projects/LCOV5.4.11/MG1CS211/MG1CS211_C_PHEV/P2322_EA211_TSIevo_R4_PHEV_4x4_SOK_CANv14/Released/230925_143157_vme.zip"
            }
        }
    }
}