[
    {
        "path": "//bosch.com/dfsrb/DfsDE/DIV/DGS/08/EC/20_CE/PJ/60_SRL_LCT/LC_TESTS/Projects/003/LCO_Projects/LCOV5.4.5/EDC17C64/P866_EA288_SCR_CANv6/Released/190627_132113_vme.zip",
        "swb": "SWB26.1",
        "Model_Overview": true,
        "Model_Overview_data": {
            "name": "VW MDL : EDC17C64_C / P866_EA288_SCR_CANv6 ; 190724",
            "A2LFile": "//bosch.com/dfsrb/DfsDE/DIV/DGS/08/EC/20_CE/PJ/60_SRL_LCT/LC_TESTS/Prg/003/EDC17C64/release_SW/DE8PR/M1764VDEC866_N8PR_070619_internal.a2l"
        },
        "PVER": [
            {
                "PVER": "M1764VDEC866",
                "ECU": "EDC17C64-1.3",
                "Project": "VW EA288"
            }
        ],
        "transfer": {
            "model_input_filepath": "//bosch.com/dfsrb/DfsDE/DIV/DGS/08/EC/20_CE/PJ/60_SRL_LCT/LC_TESTS/Projects/003/LCO_Projects/LCOV5.4.5/EDC17C64/P866_EA288_SCR_CANv6/Released/190627_132113_vme.zip",
            "customer_group": "VW",
            "tis_artifact_name": "VW MDL : EDC17C64_C / P866_EA288_SCR_CANv6 ; 190724",
            "tis_artifact_path": "xCU Projects/EDC17C64/M1764VDEC866/Model/HiL/SWB26.1/VME",
            "tis_migration": true,
            "lco_migration": false
        }
    },
    {
        "path": "//bosch.com/dfsrb/DfsDE/DIV/DGS/08/EC/20_CE/PJ/60_SRL_LCT/LC_TESTS/Projects/003/LCO_Projects/LCOV5.4.5/EDC17C64/P866_EA288_SCR_CANv7/Released/190627_133747_vme.zip",
        "swb": "SWB26.1",
        "Model_Overview": true,
        "Model_Overview_data": {
            "name": "VW MDL : EDC17C64_C / P866_EA288_SCR_CANv7 ; 190730",
            "A2LFile": "//bosch.com/dfsrb/DfsDE/DIV/DGS/08/EC/20_CE/PJ/60_SRL_LCT/LC_TESTS/Prg/003/EDC17C64/release_SW/DB8KA/M1764VDBC866_N8KA_310517_internal.a2l"
        },
        "PVER": [
            {
                "PVER": "M1764VDBC866",
                "ECU": "EDC17C64-1.3",
                "Project": "VW EA288"
            }
        ],
        "transfer": {
            "model_input_filepath": "//bosch.com/dfsrb/DfsDE/DIV/DGS/08/EC/20_CE/PJ/60_SRL_LCT/LC_TESTS/Projects/003/LCO_Projects/LCOV5.4.5/EDC17C64/P866_EA288_SCR_CANv7/Released/190627_133747_vme.zip",
            "customer_group": "VW",
            "tis_artifact_name": "VW MDL : EDC17C64_C / P866_EA288_SCR_CANv7 ; 190730",
            "tis_artifact_path": "xCU Projects/EDC17C64/M1764VDBC866/Model/HiL/SWB26.1/VME",
            "tis_migration": true,
            "lco_migration": false
        }
    },
    {
        "path": "//bosch.com/dfsrb/DfsDE/DIV/DGS/08/EC/20_CE/PJ/60_SRL_LCT/LC_TESTS/Projects/003/LCO_Projects/LCOV5.4.5/EDC17CP74/P1275_EA288_Bit_SCR_CANv7_AT/Released/190327_054936_vme.zip",
        "swb": "SWB26.1",
        "Model_Overview": true,
        "Model_Overview_data": {
            "name": "VW MDL : EDC17CP74_C / P1275_EA288_Bit_SCR_CANv7_AT ; 190327",
            "A2LFile": "P1774VBOC1275_N8R5_231118_internal.a2l"
        },
        "PVER": [
            {
                "PVER": "P1774VBOC1275",
                "ECU": "EDC17CP74-2.1",
                "Project": "VW EA288"
            }
        ],
        "transfer": {
            "model_input_filepath": "//bosch.com/dfsrb/DfsDE/DIV/DGS/08/EC/20_CE/PJ/60_SRL_LCT/LC_TESTS/Projects/003/LCO_Projects/LCOV5.4.5/EDC17CP74/P1275_EA288_Bit_SCR_CANv7_AT/Released/190327_054936_vme.zip",
            "customer_group": "VW",
            "tis_artifact_name": "VW MDL : EDC17CP74_C / P1275_EA288_Bit_SCR_CANv7_AT ; 190327",
            "tis_artifact_path": "xCU Projects/EDC17CP74/P1774VBOC1275/Model/HiL/SWB26.1/VME",
            "tis_migration": true,
            "lco_migration": false
        }
    },
    {
        "path": "//bosch.com/dfsrb/DfsDE/DIV/DGS/08/EC/20_CE/PJ/60_SRL_LCT/LC_TESTS/Projects/003/LCO_Projects/LCOV5.4.5/MD1CP004/V6_TDI_FX808_PHEV/Released/210823_082515_vme.zip",
        "swb": "SWB26.1",
        "Model_Overview": true,
        "Model_Overview_data": {
            "name": "VW MDL : MD1CP004_C / V6_TDI_FX808_PHEV ; 210823",
            "A2LFile": "//bosch.com/dfsrb/DfsDE/DIV/DGS/08/EC/20_CE/PJ/60_SRL_LCT/LC_TESTS/Projects/003/DOCU/MD1CP004/MD1CP004_C_GEN2/SW/PMD104A0QC1314_NT11_internal.a2l"
        },
        "PVER": [
            {
                "PVER": "PMD104A0QC1314",
                "ECU": "MD1CP004-2.1",
                "Project": "Audi V6 TDI Gen2Evo"
            }
        ],
        "transfer": {
            "model_input_filepath": "//bosch.com/dfsrb/DfsDE/DIV/DGS/08/EC/20_CE/PJ/60_SRL_LCT/LC_TESTS/Projects/003/LCO_Projects/LCOV5.4.5/MD1CP004/V6_TDI_FX808_PHEV/Released/210823_082515_vme.zip",
            "customer_group": "VW",
            "tis_artifact_name": "VW MDL : MD1CP004_C / V6_TDI_FX808_PHEV ; 210823",
            "tis_artifact_path": "xCU Projects/MD1CP004/PMD104A0QC1314/Model/HiL/SWB26.1/VME",
            "tis_migration": true,
            "lco_migration": false
        }
    },
    {
        "path": "//bosch.com/dfsrb/DfsDE/DIV/DGS/08/EC/20_CE/PJ/60_SRL_LCT/LC_TESTS/Projects/003/LCO_Projects/LCOV5.4.5/MD1CP004/V6_TDI_FX810/Released/190405_205738_vme.zip",
        "swb": "SWB26.1",
        "Model_Overview": true,
        "Model_Overview_data": {
            "name": "VW MDL : MD1CP004_C / V6_TDI_FX810 ; 190411",
            "HEXFile": "//bosch.com/dfsrb/DfsDE/DIV/DGS/08/EC/21_ECV/PJ/AT/05_COMMON_GENERAL/40_Delivery/Audi/P1669/PMD104A0QC1669_NVF5/06_calibration/D9ASV5A3SMN9_X812.hex",
            "A2LFile": "//bosch.com/dfsrb/DfsDE/DIV/DGS/08/EC/21_ECV/PJ/AT/05_COMMON_GENERAL/40_Delivery/Audi/P1669/PMD104A0QC1669_NVF5/02_internal/PMD104A0QC1669_NVF5_internal.a2l"
        },
        "PVER": [
            {
                "PVER": "PMD104A0QC1669",
                "ECU": "MD1CP004-3.8",
                "Project": "Audi V6 TDI Gen2Evo"
            },
            {
                "PVER": "PMD104A0QC1669",
                "ECU": "MD1CP004-3.8",
                "Project": "Audi V6 TDI Gen2Evo"
            }
        ],
        "transfer": {
            "model_input_filepath": "//bosch.com/dfsrb/DfsDE/DIV/DGS/08/EC/20_CE/PJ/60_SRL_LCT/LC_TESTS/Projects/003/LCO_Projects/LCOV5.4.5/MD1CP004/V6_TDI_FX810/Released/190405_205738_vme.zip",
            "customer_group": "VW",
            "tis_artifact_name": "VW MDL : MD1CP004_C / V6_TDI_FX810 ; 190411",
            "tis_artifact_path": "xCU Projects/MD1CP004/PMD104A0QC1669/Model/HiL/SWB26.1/VME",
            "tis_migration": true,
            "lco_migration": false
        }
    },
    {
        "path": "//bosch.com/dfsrb/DfsDE/DIV/DGS/08/EC/20_CE/PJ/60_SRL_LCT/LC_TESTS/Projects/003/LCO_Projects/LCOV5.4.5/MD1CP014/V8_TDI_MHEV48V_FXv8/Released/200128_111731_vme.zip",
        "swb": "SWB26.1",
        "Model_Overview": true,
        "Model_Overview_data": {
            "name": "VW MDL : MD1CP014_C / V8_TDI_MHEV48V_FXv8 ; 200128",
            "HEXFile": "//bosch.com/dfsrb/DfsDE/DIV/DGS/08/EC/20_CE/PJ/60_SRL_LCT/LC_TESTS/Prg/003/MD1CP014/PMD114A0DC1508/NWK1/4M0907409H/0003/ECU-BEST/Configuration/10SW062481g.hex",
            "A2LFile": "//bosch.com/dfsrb/DfsDE/DIV/DGS/08/EC/20_CE/PJ/60_SRL_LCT/LC_TESTS/Prg/003/MD1CP014/PMD114A0DC1508/NWK1/4M0907409H/0003/ECU-BEST/Configuration/PMD114A0DC1508_NWK1.a2l"
        },
        "PVER": [
            {
                "PVER": "PMD114A0DC1508",
                "ECU": "MD1CP014-5.1",
                "Project": "Audi V8 TDI Gen3"
            },
            {
                "PVER": "PMD114A0DC1508",
                "ECU": "MD1CP014-5.1",
                "Project": "Audi V8 TDI Gen3"
            }
        ],
        "transfer": {
            "model_input_filepath": "//bosch.com/dfsrb/DfsDE/DIV/DGS/08/EC/20_CE/PJ/60_SRL_LCT/LC_TESTS/Projects/003/LCO_Projects/LCOV5.4.5/MD1CP014/V8_TDI_MHEV48V_FXv8/Released/200128_111731_vme.zip",
            "customer_group": "VW",
            "tis_artifact_name": "VW MDL : MD1CP014_C / V8_TDI_MHEV48V_FXv8 ; 200128",
            "tis_artifact_path": "xCU Projects/MD1CP014/PMD114A0DC1508/Model/HiL/SWB26.1/VME",
            "tis_migration": true,
            "lco_migration": false
        }
    },
    {
        "path": "//bosch.com/dfsrb/DfsDE/DIV/DGS/08/EC/20_CE/PJ/60_SRL_LCT/LC_TESTS/Projects/003/LCO_Projects/LCOV5.4.5/MD1CS004/MD1CS004_C/P1635_MA_AT_FX/Released/210621_170017_vme.zip",
        "swb": "SWB26.1",
        "Model_Overview": true,
        "Model_Overview_data": {
            "name": "VW MDL : MD1CS004_C / P1635_MA_AT_FX ; 210621",
            "A2LFile": "//bosch.com/dfsrb/DfsDE/DIV/DGS/08/EC/20_CE/PJ/60_SRL_LCT/LC_TESTS/Projects/003/DOCU/MD1CS004/C-Muster/_Common/70_Verification/P1635_MA_AT/Release_210621/MMD104VMAC1483_N6FW_internal.a2l"
        },
        "PVER": [
            {
                "PVER": "MMD104VMAC1483 (MA6)",
                "ECU": "MD1CS004-3.1",
                "Project": "VW EA288evo"
            }
        ],
        "transfer": {
            "model_input_filepath": "//bosch.com/dfsrb/DfsDE/DIV/DGS/08/EC/20_CE/PJ/60_SRL_LCT/LC_TESTS/Projects/003/LCO_Projects/LCOV5.4.5/MD1CS004/MD1CS004_C/P1635_MA_AT_FX/Released/210621_170017_vme.zip",
            "customer_group": "VW",
            "tis_artifact_name": "VW MDL : MD1CS004_C / P1635_MA_AT_FX ; 210621",
            "tis_artifact_path": "xCU Projects/MD1CS004/MMD104VMAC1483 (MA6)/Model/HiL/SWB26.1/VME",
            "tis_migration": true,
            "lco_migration": false
        }
    },
    {
        "path": "//bosch.com/dfsrb/DfsDE/DIV/DGS/08/EC/20_CE/PJ/60_SRL_LCT/LC_TESTS/Projects/003/LCO_Projects/LCOV5.4.5/MD1CS104/MD1CS104_C/P2249_EA288_AT_CANFDV14/Released/210504_164036_vme.zip",
        "swb": "SWB26.1",
        "Model_Overview": true,
        "Model_Overview_data": {
            "name": "VW MDL : MD1CS104_C / P2249_EA288_AT_CANv14 ; 210504",
            "HEXFile": "//bosch.com/dfsrb/DfsDE/DIV/DGS/08/EC/90_DGS_Wi/Global/700_Work_ECV/hoe82wi/edc17/test_mn_10z_2704_1/2/MMD1104VMNC2249_N10Z_HOE_appl.hex",
            "A2LFile": "//bosch.com/dfsrb/DfsDE/DIV/DGS/08/EC/90_DGS_Wi/Global/700_Work_ECV/hoe82wi/edc17/test_mn_10z_2704_1/2/MMD1104VMNC2249_N10Z_HOE_internal.a2l"
        },
        "PVER": [
            {
                "PVER": "MMD1104VMNC2249",
                "ECU": "MD1CS104-1.8",
                "Project": "VW EA288"
            },
            {
                "PVER": "MMD1104VMNC2249",
                "ECU": "MD1CS104-1.8",
                "Project": "VW EA288"
            }
        ],
        "transfer": {
            "model_input_filepath": "//bosch.com/dfsrb/DfsDE/DIV/DGS/08/EC/20_CE/PJ/60_SRL_LCT/LC_TESTS/Projects/003/LCO_Projects/LCOV5.4.5/MD1CS104/MD1CS104_C/P2249_EA288_AT_CANFDV14/Released/210504_164036_vme.zip",
            "customer_group": "VW",
            "tis_artifact_name": "VW MDL : MD1CS104_C / P2249_EA288_AT_CANv14 ; 210504",
            "tis_artifact_path": "xCU Projects/MD1CS104/MMD1104VMNC2249/Model/HiL/SWB26.1/VME",
            "tis_migration": true,
            "lco_migration": false
        }
    },
    {
        "path": "//bosch.com/dfsrb/DfsDE/DIV/DGS/08/EC/20_CE/PJ/60_SRL_LCT/LC_TESTS/Projects/003/LCO_Projects/LCOV5.4.5/ME17.5.20/Released/200110_115717_vme.zip",
        "swb": "SWB26.1",
        "Model_Overview": true,
        "Model_Overview_data": {
            "name": "VW MDL : ME17.5.20 / ME17.5.20_C ; 191204",
            "A2LFile": "//bosch.com/dfsrb/DfsDE/DIV/DGS/08/EC/20_CE/PJ/60_SRL_LCT/LC_TESTS/Prg/003/ME17520/modelrelease_SW/S1752V24C000_M24M00.a2l"
        },
        "PVER": [
            {
                "PVER": "S1752V24C000",
                "ECU": "ME17.5.20",
                "Project": "VW EA211 MPI R3 1.0l VW up! (ME17.5.20)"
            }
        ],
        "transfer": {
            "model_input_filepath": "//bosch.com/dfsrb/DfsDE/DIV/DGS/08/EC/20_CE/PJ/60_SRL_LCT/LC_TESTS/Projects/003/LCO_Projects/LCOV5.4.5/ME17.5.20/Released/200110_115717_vme.zip",
            "customer_group": "VW",
            "tis_artifact_name": "VW MDL : ME17.5.20 / ME17.5.20_C ; 191204",
            "tis_artifact_path": "xCU Projects/ME17520/S1752V24C000/Model/HiL/SWB26.1/VME",
            "tis_migration": true,
            "lco_migration": false
        }
    },
    {
        "path": "//bosch.com/dfsrb/DfsDE/DIV/DGS/08/EC/20_CE/PJ/60_SRL_LCT/LC_TESTS/Projects/003/LCO_Projects/LCOV5.4.5/ME17.5.26/ME17.5.26_C/ME17.5.26_C_R3_CANv5/Released/191112_190122_vme.zip",
        "swb": "SWB26.1",
        "Model_Overview": true,
        "Model_Overview_data": {
            "name": "VW MDL : ME17.5.26_C / ME17.5.26_C_R3_CANv5 ; 191112",
            "A2LFile": "//bosch.com/dfsrb/DfsDE/DIV/DGS/08/EC/20_CE/PJ/60_SRL_LCT/LC_TESTS/Prg/003/ME17526/V17_SW/S17526V17C000_M24H40.a2l"
        },
        "PVER": [
            {
                "PVER": "S17526V17C000",
                "ECU": "ME17.5.26-4.4",
                "Project": "VW EA211 MPI R3/R4 MQB und R4 nicht MQB Europa (ME17.5.26 C-Muster)"
            }
        ],
        "transfer": {
            "model_input_filepath": "//bosch.com/dfsrb/DfsDE/DIV/DGS/08/EC/20_CE/PJ/60_SRL_LCT/LC_TESTS/Projects/003/LCO_Projects/LCOV5.4.5/ME17.5.26/ME17.5.26_C/ME17.5.26_C_R3_CANv5/Released/191112_190122_vme.zip",
            "customer_group": "VW",
            "tis_artifact_name": "VW MDL : ME17.5.26_C / ME17.5.26_C_R3_CANv5 ; 191112",
            "tis_artifact_path": "xCU Projects/ME17526/S17526V17C000/Model/HiL/SWB26.1/VME",
            "tis_migration": true,
            "lco_migration": false
        }
    },
    {
        "path": "//bosch.com/dfsrb/DfsDE/DIV/DGS/08/EC/20_CE/PJ/60_SRL_LCT/LC_TESTS/Projects/003/LCO_Projects/LCOV5.4.5/ME17.5.26/ME17.5.26_C/ME17.5.26_C_R4_CANv7/Released/191023_114725_vme.zip",
        "swb": "SWB26.1",
        "Model_Overview": true,
        "Model_Overview_data": {
            "name": "VW MDL : ME17.5.26_C / R4_CANv7 ; 191031",
            "A2LFile": "S17526V03C000_M24E91.a2l (V03-AT); S17526V23C000_M24GD0.a2l (V23-MT)"
        },
        "PVER": [
            {
                "PVER": "S17526V03C000",
                "ECU": "ME17.5.26-4.2",
                "Project": "VW EA211 MPI R3/R4 MQB und R4 nicht MQB Europa (ME17.5.26 C-Muster)"
            },
            {
                "PVER": "S17526V23C000",
                "ECU": "ME17.5.26-4.1",
                "Project": "VW EA211 MPI R3/R4 MQB und R4 nicht MQB Europa (ME17.5.26 C-Muster)"
            }
        ],
        "transfer": {
            "model_input_filepath": "//bosch.com/dfsrb/DfsDE/DIV/DGS/08/EC/20_CE/PJ/60_SRL_LCT/LC_TESTS/Projects/003/LCO_Projects/LCOV5.4.5/ME17.5.26/ME17.5.26_C/ME17.5.26_C_R4_CANv7/Released/191023_114725_vme.zip",
            "customer_group": "VW",
            "tis_artifact_name": "VW MDL : ME17.5.26_C / R4_CANv7 ; 191031",
            "tis_artifact_path": "xCU Projects/ME17526/S17526V03C000/Model/HiL/SWB26.1/VME",
            "tis_migration": true,
            "lco_migration": false
        }
    },
    {
        "path": "//bosch.com/dfsrb/DfsDE/DIV/DGS/08/EC/20_CE/PJ/60_SRL_LCT/LC_TESTS/Projects/003/LCO_Projects/LCOV5.4.5/MED17.1.27/MED17.1.27_C/EA211_BZ_R3_AT_CANv7/Released/200426_155701_vme.zip",
        "swb": "SWB26.1",
        "Model_Overview": true,
        "Model_Overview_data": {
            "name": "VW MDL : MED17.1.27_C / EA211_BZ_R3_AT_CANv7 ; 200426",
            "A2LFile": "//bosch.com/dfsrb/DfsDE/DIV/DGS/08/EC/21_ECV/Global/DE/00_Data_Exchange/zms2si/V53_M33V10/D17127V53C001_M33V10.a2l"
        },
        "PVER": [
            {
                "PVER": "D17127V53C001",
                "ECU": "MED17.1.27",
                "Project": "VW EA211TSI EU6-2 MQB/PQ3x MED17.1.27"
            }
        ],
        "transfer": {
            "model_input_filepath": "//bosch.com/dfsrb/DfsDE/DIV/DGS/08/EC/20_CE/PJ/60_SRL_LCT/LC_TESTS/Projects/003/LCO_Projects/LCOV5.4.5/MED17.1.27/MED17.1.27_C/EA211_BZ_R3_AT_CANv7/Released/200426_155701_vme.zip",
            "customer_group": "VW",
            "tis_artifact_name": "VW MDL : MED17.1.27_C / EA211_BZ_R3_AT_CANv7 ; 200426",
            "tis_artifact_path": "xCU Projects/MED17127/D17127V53C001/Model/HiL/SWB26.1/VME",
            "tis_migration": true,
            "lco_migration": false
        }
    },
    {
        "path": "//bosch.com/dfsrb/DfsDE/DIV/DGS/08/EC/20_CE/PJ/60_SRL_LCT/LC_TESTS/Projects/003/LCO_Projects/LCOV5.4.5/MED17.1.27/MED17.1.27_C/EA211_BZ_R3_AT_E100_CANv7/Released/210226_140931_vme.zip",
        "swb": "SWB26.1",
        "Model_Overview": true,
        "Model_Overview_data": {
            "name": " VW MDL : MED17.1.27_C / EA211_BZ_R3_AT_E100_CANv7 ; 210226",
            "A2LFile": "//bosch.com/dfsrb/DfsDE/DIV/DGS/08/EC/20_CE/PJ/60_SRL_LCT/LC_TESTS/Projects/003/temp/khu3kor/MED17127/V51/D17127V51C001_M33V40.a2l"
        },
        "PVER": [
            {
                "PVER": "D17127V51C001",
                "ECU": "MED17.1.27",
                "Project": "VW EA211TSI EU6-2 MQB/PQ3x MED17.1.27"
            }
        ],
        "transfer": {
            "model_input_filepath": "//bosch.com/dfsrb/DfsDE/DIV/DGS/08/EC/20_CE/PJ/60_SRL_LCT/LC_TESTS/Projects/003/LCO_Projects/LCOV5.4.5/MED17.1.27/MED17.1.27_C/EA211_BZ_R3_AT_E100_CANv7/Released/210226_140931_vme.zip",
            "customer_group": "VW",
            "tis_artifact_name": "VW MDL : MED17.1.27_C / EA211_BZ_R3_AT_E100_CANv7 ; 210226",
            "tis_artifact_path": "xCU Projects/MED17127/D17127V51C001/Model/HiL/SWB26.1/VME",
            "tis_migration": true,
            "lco_migration": false
        }
    },
    {
        "path": "//bosch.com/dfsrb/DfsDE/DIV/DGS/08/EC/20_CE/PJ/60_SRL_LCT/LC_TESTS/Projects/003/LCO_Projects/LCOV5.4.5/MED17.1.27/MED17.1.27_C/EA211_BZ_R4_AT_CANv7/Released/210309_125757_vme.zip",
        "swb": "SWB26.1",
        "Model_Overview": true,
        "Model_Overview_data": {
            "name": "VW MDL : MED17.1.27_C / EA211_BZ_R4_AT_CANv7 ; 210309",
            "A2LFile": "D17127V50C001_M33V40.a2l"
        },
        "PVER": [
            {
                "PVER": "D17127V50C001",
                "ECU": "MED17.1.27",
                "Project": "VW EA211TSI EU6-2 MQB/PQ3x MED17.1.27"
            }
        ],
        "transfer": {
            "model_input_filepath": "//bosch.com/dfsrb/DfsDE/DIV/DGS/08/EC/20_CE/PJ/60_SRL_LCT/LC_TESTS/Projects/003/LCO_Projects/LCOV5.4.5/MED17.1.27/MED17.1.27_C/EA211_BZ_R4_AT_CANv7/Released/210309_125757_vme.zip",
            "customer_group": "VW",
            "tis_artifact_name": "VW MDL : MED17.1.27_C / EA211_BZ_R4_AT_CANv7 ; 210309",
            "tis_artifact_path": "xCU Projects/MED17127/D17127V50C001/Model/HiL/SWB26.1/VME",
            "tis_migration": true,
            "lco_migration": false
        }
    },
    {
        "path": "//bosch.com/dfsrb/DfsDE/DIV/DGS/08/EC/20_CE/PJ/60_SRL_LCT/LC_TESTS/Projects/003/LCO_Projects/LCOV5.4.5/MED17.1.27/MED17.1.27_C/EA211_CN_R4_AT_CANv5/Released/210212_210013_vme.zip",
        "swb": "SWB26.1",
        "Model_Overview": true,
        "Model_Overview_data": {
            "name": "VW MDL : MED17.1.27_C / EA211_CN_R4_AT_CANv5 ; 210212",
            "A2LFile": "//bosch.com/dfsrb/DfsDE/DIV/DGS/08/EC/21_ECV/Global/DE/00_Data_Exchange/zms2si/V14_M20D90/D17127V14C001_M20D90.a2l"
        },
        "PVER": [
            {
                "PVER": "D17127V14C001",
                "ECU": "MED17.1.27",
                "Project": "VW EA211TSI EU6-2 MQB/PQ3x MED17.1.27"
            }
        ],
        "transfer": {
            "model_input_filepath": "//bosch.com/dfsrb/DfsDE/DIV/DGS/08/EC/20_CE/PJ/60_SRL_LCT/LC_TESTS/Projects/003/LCO_Projects/LCOV5.4.5/MED17.1.27/MED17.1.27_C/EA211_CN_R4_AT_CANv5/Released/210212_210013_vme.zip",
            "customer_group": "VW",
            "tis_artifact_name": "VW MDL : MED17.1.27_C / EA211_CN_R4_AT_CANv5 ; 210212",
            "tis_artifact_path": "xCU Projects/MED17127/D17127V14C001/Model/HiL/SWB26.1/VME",
            "tis_migration": true,
            "lco_migration": false
        }
    },
    {
        "path": "//bosch.com/dfsrb/DfsDE/DIV/DGS/08/EC/20_CE/PJ/60_SRL_LCT/LC_TESTS/Projects/003/LCO_Projects/LCOV5.4.5/MED17.1.27/MED17.1.27_C/EA211_CN_R4_AT_CANv7/Released/201103_133655_vme.zip",
        "swb": "SWB26.1",
        "Model_Overview": true,
        "Model_Overview_data": {
            "name": "VW MDL : MED17.1.27_C / EA211_CN_R4_AT_CANv7 ; 201103",
            "A2LFile": "//bosch.com/dfsrb/DfsIN/loc/cob/NE1/Assorted/EEV_Dept/SRL_LCT/LC_Tests/prg/003/MED17127/D17127V13C001/M20D80/ETK/final/D17127V13C001_M20D80.a2l"
        },
        "PVER": [
            {
                "PVER": "D17127V13C001",
                "ECU": "MED17.1.27",
                "Project": "VW EA211TSI EU6-2 MQB/PQ3x MED17.1.27"
            }
        ],
        "transfer": {
            "model_input_filepath": "//bosch.com/dfsrb/DfsDE/DIV/DGS/08/EC/20_CE/PJ/60_SRL_LCT/LC_TESTS/Projects/003/LCO_Projects/LCOV5.4.5/MED17.1.27/MED17.1.27_C/EA211_CN_R4_AT_CANv7/Released/201103_133655_vme.zip",
            "customer_group": "VW",
            "tis_artifact_name": "VW MDL : MED17.1.27_C / EA211_CN_R4_AT_CANv7 ; 201103",
            "tis_artifact_path": "xCU Projects/MED17127/D17127V13C001/Model/HiL/SWB26.1/VME",
            "tis_migration": true,
            "lco_migration": false
        }
    },
    {
        "path": "//bosch.com/dfsrb/DfsDE/DIV/DGS/08/EC/20_CE/PJ/60_SRL_LCT/LC_TESTS/Projects/003/LCO_Projects/LCOV5.4.5/MED17.1.27/MED17.1.27_C/EA211_CN_R4_MQ_CANv7/Released/210209_105733_vme.zip",
        "swb": "SWB26.1",
        "Model_Overview": true,
        "Model_Overview_data": {
            "name": "VW MDL : MED17.1.27_C / EA211_CN_R4_MQ_CANv7 ; 210209",
            "A2LFile": "//bosch.com/dfsrb/DfsDE/DIV/GS/05/PJ/Csm/APPDAT_PVW/R4SBQ-EA211/MED_17.1.27_EA211_TSI/PST/1.4l_CN/MQB_V13/C1-Muster/D17127V13C001_M20D90/02_intern/D17127V13C001_M20D90_internal.a2l"
        },
        "PVER": [
            {
                "PVER": "D17127V13C001",
                "ECU": "MED17.1.27",
                "Project": "VW EA211TSI EU6-2 MQB/PQ3x MED17.1.27"
            }
        ],
        "transfer": {
            "model_input_filepath": "//bosch.com/dfsrb/DfsDE/DIV/DGS/08/EC/20_CE/PJ/60_SRL_LCT/LC_TESTS/Projects/003/LCO_Projects/LCOV5.4.5/MED17.1.27/MED17.1.27_C/EA211_CN_R4_MQ_CANv7/Released/210209_105733_vme.zip",
            "customer_group": "VW",
            "tis_artifact_name": "VW MDL : MED17.1.27_C / EA211_CN_R4_MQ_CANv7 ; 210209",
            "tis_artifact_path": "xCU Projects/MED17127/D17127V13C001/Model/HiL/SWB26.1/VME",
            "tis_migration": true,
            "lco_migration": false
        }
    },
    {
        "path": "//bosch.com/dfsrb/DfsDE/DIV/DGS/08/EC/20_CE/PJ/60_SRL_LCT/LC_TESTS/Projects/003/LCO_Projects/LCOV5.4.5/MED17.1.27/MED17.1.27_C/EA211_EU_R3_MQ_CANv5/Released/200225_053921_vme.zip",
        "swb": "SWB26.1",
        "Model_Overview": true,
        "Model_Overview_data": {
            "name": "VW MDL : MED17.1.27_C / EA211_EU_R3_MQ_CANv5 ; 200225",
            "A2LFile": "//bosch.com/dfsrb/DfsDE/DIV/DGS/08/EC/21_ECV/Global/DE/00_Data_Exchange/zms2si/V32_M33S42/D17127V32C001_M33S42.a2l"
        },
        "PVER": [
            {
                "PVER": "D17127V32C001",
                "ECU": "MED17.1.27",
                "Project": "VW EA211TSI EU6-2 MQB/PQ3x MED17.1.27"
            }
        ],
        "transfer": {
            "model_input_filepath": "//bosch.com/dfsrb/DfsDE/DIV/DGS/08/EC/20_CE/PJ/60_SRL_LCT/LC_TESTS/Projects/003/LCO_Projects/LCOV5.4.5/MED17.1.27/MED17.1.27_C/EA211_EU_R3_MQ_CANv5/Released/200225_053921_vme.zip",
            "customer_group": "VW",
            "tis_artifact_name": "VW MDL : MED17.1.27_C / EA211_EU_R3_MQ_CANv5 ; 200225",
            "tis_artifact_path": "xCU Projects/MED17127/D17127V32C001/Model/HiL/SWB26.1/VME",
            "tis_migration": true,
            "lco_migration": false
        }
    },
    {
        "path": "//bosch.com/dfsrb/DfsDE/DIV/DGS/08/EC/20_CE/PJ/60_SRL_LCT/LC_TESTS/Projects/003/LCO_Projects/LCOV5.4.5/MED17.1.27/MED17.1.27_C/EA211_EU_R3_MQ_CANv7/Released/190819_092152_vme.zip",
        "swb": "SWB26.1",
        "Model_Overview": true,
        "Model_Overview_data": {
            "name": "VW MDL : MED17.1.27_C / EA211_EU_R3_MQ_CANv7 ; 190819",
            "A2LFile": "//bosch.com/dfsrb/DfsDE/DIV/DGS/08/EC/20_CE/PJ/60_SRL_LCT/LC_TESTS/Prg/003/MED17127/D17127V39C001/M33Q72/04C906025CG/9898/ECU-BEST/Configuration/D17127V39C001_M33Q72.a2l\u0100 "
        },
        "PVER": [
            {
                "PVER": "D17127V39C001",
                "ECU": "MED17.1.27",
                "Project": "VW EA211TSI EU6-2 MQB/PQ3x MED17.1.27"
            }
        ],
        "transfer": {
            "model_input_filepath": "//bosch.com/dfsrb/DfsDE/DIV/DGS/08/EC/20_CE/PJ/60_SRL_LCT/LC_TESTS/Projects/003/LCO_Projects/LCOV5.4.5/MED17.1.27/MED17.1.27_C/EA211_EU_R3_MQ_CANv7/Released/190819_092152_vme.zip",
            "customer_group": "VW",
            "tis_artifact_name": "VW MDL : MED17.1.27_C / EA211_EU_R3_MQ_CANv7 ; 190819",
            "tis_artifact_path": "xCU Projects/MED17127/D17127V39C001/Model/HiL/SWB26.1/VME",
            "tis_migration": true,
            "lco_migration": false
        }
    },
    {
        "path": "//bosch.com/dfsrb/DfsDE/DIV/DGS/08/EC/20_CE/PJ/60_SRL_LCT/LC_TESTS/Projects/003/LCO_Projects/LCOV5.4.5/MED17.1.27/MED17.1.27_C/EA211_EU_R4_AQ_CANv7/Released/200922_225826_vme.zip",
        "swb": "SWB26.1",
        "Model_Overview": true,
        "Model_Overview_data": {
            "name": "VW MDL : MED17.1.27_C / EA211_EU_R4_AQ_CANv7 ; 200922",
            "A2LFile": "//bosch.com/dfsrb/DfsIN/loc/cob/NE1/Assorted/EEV_Dept/SRL_LCT/LC_Tests/prg/003/MED17127/D17127V01C001/M18AD4/sw/D17127V01C001_M18AD4.a2l"
        },
        "PVER": [
            {
                "PVER": "D17127V01C001",
                "ECU": "MED17.1.27",
                "Project": "VW EA211TSI EU6-2 MQB/PQ3x MED17.1.27"
            }
        ],
        "transfer": {
            "model_input_filepath": "//bosch.com/dfsrb/DfsDE/DIV/DGS/08/EC/20_CE/PJ/60_SRL_LCT/LC_TESTS/Projects/003/LCO_Projects/LCOV5.4.5/MED17.1.27/MED17.1.27_C/EA211_EU_R4_AQ_CANv7/Released/200922_225826_vme.zip",
            "customer_group": "VW",
            "tis_artifact_name": "VW MDL : MED17.1.27_C / EA211_EU_R4_AQ_CANv7 ; 200922",
            "tis_artifact_path": "xCU Projects/MED17127/D17127V01C001/Model/HiL/SWB26.1/VME",
            "tis_migration": true,
            "lco_migration": false
        }
    },
    {
        "path": "//bosch.com/dfsrb/DfsDE/DIV/DGS/08/EC/20_CE/PJ/60_SRL_LCT/LC_TESTS/Projects/003/LCO_Projects/LCOV5.4.5/MED17.1.27/MED17.1.27_C/EA211_EU_R4_DQ_CANv5/Released/220825_090637_vme.zip",
        "swb": "SWB26.1",
        "Model_Overview": true,
        "Model_Overview_data": {
            "name": "VW MDL : MED17.1.27_C / EA211_EU_R4_DQ_CANv5 ; 220829",
            "A2LFile": "//bosch.com/dfsrb/DfsDE/DIV/DGS/08/EC/20_CE/PJ/60_SRL_LCT/LC_TESTS/Projects/003/DOCU/MED17127/C-Muster/Parametrierung/03_Releases/Level3/D17127V02C001_M20C32.a2l"
        },
        "PVER": [
            {
                "PVER": "D17127V02C001",
                "ECU": "MED17.1.27",
                "Project": "VW EA211TSI EU6-2 MQB/PQ3x MED17.1.27"
            }
        ],
        "transfer": {
            "model_input_filepath": "//bosch.com/dfsrb/DfsDE/DIV/DGS/08/EC/20_CE/PJ/60_SRL_LCT/LC_TESTS/Projects/003/LCO_Projects/LCOV5.4.5/MED17.1.27/MED17.1.27_C/EA211_EU_R4_DQ_CANv5/Released/220825_090637_vme.zip",
            "customer_group": "VW",
            "tis_artifact_name": "VW MDL : MED17.1.27_C / EA211_EU_R4_DQ_CANv5 ; 220829",
            "tis_artifact_path": "xCU Projects/MED17127/D17127V02C001/Model/HiL/SWB26.1/VME",
            "tis_migration": true,
            "lco_migration": false
        }
    },
    {
        "path": "//bosch.com/dfsrb/DfsDE/DIV/DGS/08/EC/20_CE/PJ/60_SRL_LCT/LC_TESTS/Projects/003/LCO_Projects/LCOV5.4.5/MED17.1.27/MED17.1.27_C/EA211_EU_R4_DQ_CANv7/Released/210324_200351_vme.zip",
        "swb": "SWB26.1",
        "Model_Overview": true,
        "Model_Overview_data": {
            "name": "VW MDL : MED17.1.27_C / EA211_EU_R4_DQ_CANv7 ; 210324",
            "A2LFile": "D17127V01C001_M18AD5.a2l"
        },
        "PVER": [
            {
                "PVER": "D17127V01C001",
                "ECU": "MED17.1.27",
                "Project": "VW EA211TSI EU6-2 MQB/PQ3x MED17.1.27"
            }
        ],
        "transfer": {
            "model_input_filepath": "//bosch.com/dfsrb/DfsDE/DIV/DGS/08/EC/20_CE/PJ/60_SRL_LCT/LC_TESTS/Projects/003/LCO_Projects/LCOV5.4.5/MED17.1.27/MED17.1.27_C/EA211_EU_R4_DQ_CANv7/Released/210324_200351_vme.zip",
            "customer_group": "VW",
            "tis_artifact_name": "VW MDL : MED17.1.27_C / EA211_EU_R4_DQ_CANv7 ; 210324",
            "tis_artifact_path": "xCU Projects/MED17127/D17127V01C001/Model/HiL/SWB26.1/VME",
            "tis_migration": true,
            "lco_migration": false
        }
    },
    {
        "path": "//bosch.com/dfsrb/DfsDE/DIV/DGS/08/EC/20_CE/PJ/60_SRL_LCT/LC_TESTS/Projects/003/LCO_Projects/LCOV5.4.5/MED17.1.27/MED17.1.27_C/EA211_EU_R4_MQ_CANv5/Released/190318_070008_vme.zip",
        "swb": "SWB26.1",
        "Model_Overview": true,
        "Model_Overview_data": {
            "name": "VW MDL : MED17.1.27_C / EA211_EU_R4_MQ_CANv5 ; 190319",
            "A2LFile": "D17127V02C001_M20C31.a2l"
        },
        "PVER": [
            {
                "PVER": "D17127V02C001",
                "ECU": "MED17.1.27",
                "Project": "VW EA211TSI EU6-2 MQB/PQ3x MED17.1.27"
            }
        ],
        "transfer": {
            "model_input_filepath": "//bosch.com/dfsrb/DfsDE/DIV/DGS/08/EC/20_CE/PJ/60_SRL_LCT/LC_TESTS/Projects/003/LCO_Projects/LCOV5.4.5/MED17.1.27/MED17.1.27_C/EA211_EU_R4_MQ_CANv5/Released/190318_070008_vme.zip",
            "customer_group": "VW",
            "tis_artifact_name": "VW MDL : MED17.1.27_C / EA211_EU_R4_MQ_CANv5 ; 190319",
            "tis_artifact_path": "xCU Projects/MED17127/D17127V02C001/Model/HiL/SWB26.1/VME",
            "tis_migration": true,
            "lco_migration": false
        }
    },
    {
        "path": "//bosch.com/dfsrb/DfsDE/DIV/DGS/08/EC/20_CE/PJ/60_SRL_LCT/LC_TESTS/Projects/003/LCO_Projects/LCOV5.4.5/MED17.1.27/MED17.1.27_C/EA211_US_R4_AT_CANv7/Released/210312_085054_vme.zip",
        "swb": "SWB26.1",
        "Model_Overview": true,
        "Model_Overview_data": {
            "name": "VW MDL : MED17.1.27_C / EA211_US_R4_AT_CANv7 ; 210312",
            "A2LFile": "//bosch.com/dfsrb/DfsDE/DIV/DGS/08/EC/21_ECV/Global/DE/00_Data_Exchange/zms2si/V07_M18AB6/D17127V07C001_M18AB6.a2l"
        },
        "PVER": [
            {
                "PVER": "D17127V07C001",
                "ECU": "MED17.1.27",
                "Project": "VW EA211TSI EU6-2 MQB/PQ3x MED17.1.27"
            }
        ],
        "transfer": {
            "model_input_filepath": "//bosch.com/dfsrb/DfsDE/DIV/DGS/08/EC/20_CE/PJ/60_SRL_LCT/LC_TESTS/Projects/003/LCO_Projects/LCOV5.4.5/MED17.1.27/MED17.1.27_C/EA211_US_R4_AT_CANv7/Released/210312_085054_vme.zip",
            "customer_group": "VW",
            "tis_artifact_name": "VW MDL : MED17.1.27_C / EA211_US_R4_AT_CANv7 ; 210312",
            "tis_artifact_path": "xCU Projects/MED17127/D17127V07C001/Model/HiL/SWB26.1/VME",
            "tis_migration": true,
            "lco_migration": false
        }
    },
    {
        "path": "//bosch.com/dfsrb/DfsDE/DIV/DGS/08/EC/20_CE/PJ/60_SRL_LCT/LC_TESTS/Projects/003/LCO_Projects/LCOV5.4.5/MED17.1.27/MED17.1.27_C/EA211_US_R4_MQ_CANv7/Released/210312_074120_vme.zip",
        "swb": "SWB26.1",
        "Model_Overview": true,
        "Model_Overview_data": {
            "name": "VW MDL : MED17.1.27_C / EA211_US_R4_MQ_CANv7 ; 210312",
            "A2LFile": "//bosch.com/dfsrb/DfsDE/DIV/DGS/08/EC/21_ECV/Global/DE/00_Data_Exchange/zms2si/V07_M18AB6/D17127V07C001_M18AB6.a2l"
        },
        "PVER": [
            {
                "PVER": "D17127V07C001",
                "ECU": "MED17.1.27",
                "Project": "VW EA211TSI EU6-2 MQB/PQ3x MED17.1.27"
            }
        ],
        "transfer": {
            "model_input_filepath": "//bosch.com/dfsrb/DfsDE/DIV/DGS/08/EC/20_CE/PJ/60_SRL_LCT/LC_TESTS/Projects/003/LCO_Projects/LCOV5.4.5/MED17.1.27/MED17.1.27_C/EA211_US_R4_MQ_CANv7/Released/210312_074120_vme.zip",
            "customer_group": "VW",
            "tis_artifact_name": "VW MDL : MED17.1.27_C / EA211_US_R4_MQ_CANv7 ; 210312",
            "tis_artifact_path": "xCU Projects/MED17127/D17127V07C001/Model/HiL/SWB26.1/VME",
            "tis_migration": true,
            "lco_migration": false
        }
    },
    {
        "path": "//bosch.com/dfsrb/DfsDE/DIV/DGS/08/EC/20_CE/PJ/60_SRL_LCT/LC_TESTS/Projects/003/LCO_Projects/LCOV5.4.5/MED17.1.27/MED17.1.27_C/EA211_US_R4_MQ_CANv7/Released/190923_215149_vme.zip",
        "swb": "SWB26.1",
        "Model_Overview": true,
        "Model_Overview_data": {
            "name": "VW MDL : MED17.1.27_c / EA211_US_R4_MQ_CANv7 ; 190923",
            "A2LFile": "//bosch.com/dfsrb/DfsDE/DIV/DGS/08/EC/20_CE/PJ/60_SRL_LCT/LC_TESTS/Prg/003/MED17127/V07_MT/D17127V07C001_M20C60.a2l"
        },
        "PVER": [
            {
                "PVER": "D17127V07C001",
                "ECU": "MED17.1.27",
                "Project": "VW EA211TSI EU6-2 MQB/PQ3x MED17.1.27"
            }
        ],
        "transfer": {
            "model_input_filepath": "//bosch.com/dfsrb/DfsDE/DIV/DGS/08/EC/20_CE/PJ/60_SRL_LCT/LC_TESTS/Projects/003/LCO_Projects/LCOV5.4.5/MED17.1.27/MED17.1.27_C/EA211_US_R4_MQ_CANv7/Released/190923_215149_vme.zip",
            "customer_group": "VW",
            "tis_artifact_name": "VW MDL : MED17.1.27_c / EA211_US_R4_MQ_CANv7 ; 190923",
            "tis_artifact_path": "xCU Projects/MED17127/D17127V07C001/Model/HiL/SWB26.1/VME",
            "tis_migration": true,
            "lco_migration": false
        }
    },
    {
        "path": "//bosch.com/dfsrb/DfsDE/DIV/DGS/08/EC/20_CE/PJ/60_SRL_LCT/LC_TESTS/Projects/003/LCO_Projects/LCOV5.4.5/MED17.1.27/MED17.1.27_C/EA211_US_R4_MQ_CANv7/Released/191011_185802_vme.zip",
        "swb": "SWB26.1",
        "Model_Overview": true,
        "Model_Overview_data": {
            "name": "VW MDL : MED17.1.27_C / EA211_US_R4_MT_CANv7 ; 191011",
            "A2LFile": "//bosch.com/dfsrb/DfsDE/DIV/DGS/08/EC/20_CE/PJ/60_SRL_LCT/LC_TESTS/Prg/003/temp/Ramesh/Model_dev/V07/MT/SW/D17127V07C001_N18AB3.a2l"
        },
        "PVER": [
            {
                "PVER": "D17127V07C001",
                "ECU": "MED17.1.27",
                "Project": "VW EA211TSI EU6-2 MQB/PQ3x MED17.1.27"
            }
        ],
        "transfer": {
            "model_input_filepath": "//bosch.com/dfsrb/DfsDE/DIV/DGS/08/EC/20_CE/PJ/60_SRL_LCT/LC_TESTS/Projects/003/LCO_Projects/LCOV5.4.5/MED17.1.27/MED17.1.27_C/EA211_US_R4_MQ_CANv7/Released/191011_185802_vme.zip",
            "customer_group": "VW",
            "tis_artifact_name": "VW MDL : MED17.1.27_C / EA211_US_R4_MT_CANv7 ; 191011",
            "tis_artifact_path": "xCU Projects/MED17127/D17127V07C001/Model/HiL/SWB26.1/VME",
            "tis_migration": true,
            "lco_migration": false
        }
    },
    {
        "path": "//bosch.com/dfsrb/DfsDE/DIV/DGS/08/EC/20_CE/PJ/60_SRL_LCT/LC_TESTS/Projects/003/LCO_Projects/LCOV5.4.5/MED17.5.2/2.0_SULEV_Bosch/Released/191010_150331_vme.zip",
        "swb": "SWB26.1",
        "Model_Overview": true,
        "Model_Overview_data": {
            "name": "VW MDL : MED17.5.2 / 2.0_SULEV_Bosch; 191107",
            "A2LFile": "//bosch.com/dfsrb/DfsDE/DIV/DGS/08/EC/20_CE/PJ/60_SRL_LCT/LC_TESTS/Prg/003/MED1752/SW_SULEV_Bosch/D1752V07C000_MY19A20.a2l"
        },
        "PVER": [
            {
                "PVER": "D1752V07C000",
                "ECU": "MED17.5.2",
                "Project": "VW EA888 1.8/2,0l  MED17.5.2"
            }
        ],
        "transfer": {
            "model_input_filepath": "//bosch.com/dfsrb/DfsDE/DIV/DGS/08/EC/20_CE/PJ/60_SRL_LCT/LC_TESTS/Projects/003/LCO_Projects/LCOV5.4.5/MED17.5.2/2.0_SULEV_Bosch/Released/191010_150331_vme.zip",
            "customer_group": "VW",
            "tis_artifact_name": "VW MDL : MED17.5.2 / 2.0_SULEV_Bosch; 191107",
            "tis_artifact_path": "xCU Projects/MED1752/D1752V07C000/Model/HiL/SWB26.1/VME",
            "tis_migration": true,
            "lco_migration": false
        }
    },
    {
        "path": "//bosch.com/dfsrb/DfsDE/DIV/DGS/08/EC/20_CE/PJ/60_SRL_LCT/LC_TESTS/Projects/003/LCO_Projects/LCOV5.4.5/MED17.5.2/2.0_ULEV_Hitachi/Released/191010_150125_vme.zip",
        "swb": "SWB26.1",
        "Model_Overview": true,
        "Model_Overview_data": {
            "name": "VW MDL : MED17.5.2 / 2.0_ULEV_Hitachi; 191107",
            "A2LFile": "//bosch.com/dfsrb/DfsDE/DIV/DGS/08/EC/20_CE/PJ/60_SRL_LCT/LC_TESTS/Prg/003/MED1752/SW_ULEV_Hitachi/D1752V07C000_MY19A20.a2l"
        },
        "PVER": [
            {
                "PVER": "D1752V07C000",
                "ECU": "MED17.5.2",
                "Project": "VW EA888 1.8/2,0l  MED17.5.2"
            }
        ],
        "transfer": {
            "model_input_filepath": "//bosch.com/dfsrb/DfsDE/DIV/DGS/08/EC/20_CE/PJ/60_SRL_LCT/LC_TESTS/Projects/003/LCO_Projects/LCOV5.4.5/MED17.5.2/2.0_ULEV_Hitachi/Released/191010_150125_vme.zip",
            "customer_group": "VW",
            "tis_artifact_name": "VW MDL : MED17.5.2 / 2.0_ULEV_Hitachi; 191107",
            "tis_artifact_path": "xCU Projects/MED1752/D1752V07C000/Model/HiL/SWB26.1/VME",
            "tis_migration": true,
            "lco_migration": false
        }
    },
    {
        "path": "//bosch.com/dfsrb/DfsDE/DIV/DGS/08/EC/20_CE/PJ/60_SRL_LCT/LC_TESTS/Projects/003/LCO_Projects/LCOV5.4.5/MED17.5.21/MED17.5.21_C2/EA211_R3_CANv5/Released/191106_050403_vme.zip",
        "swb": "SWB26.1",
        "Model_Overview": true,
        "Model_Overview_data": {
            "name": "VW MDL : MED17.5.21_C2 / EA211_R3_CANv5 ; 191106",
            "A2LFile": "D17521V92C002_M29KF1.a2l (6 Gear AT)"
        },
        "PVER": [
            {
                "PVER": "D17521V92C002",
                "ECU": "MED17.5.21",
                "Project": "VW EA211 TSI R3 1,0L EU6 MQB/PQ3x MED17.5.21"
            }
        ],
        "transfer": {
            "model_input_filepath": "//bosch.com/dfsrb/DfsDE/DIV/DGS/08/EC/20_CE/PJ/60_SRL_LCT/LC_TESTS/Projects/003/LCO_Projects/LCOV5.4.5/MED17.5.21/MED17.5.21_C2/EA211_R3_CANv5/Released/191106_050403_vme.zip",
            "customer_group": "VW",
            "tis_artifact_name": "VW MDL : MED17.5.21_C2 / EA211_R3_CANv5 ; 191106",
            "tis_artifact_path": "xCU Projects/MED17521/D17521V92C002/Model/HiL/SWB26.1/VME",
            "tis_migration": true,
            "lco_migration": false
        }
    },
    {
        "path": "//bosch.com/dfsrb/DfsDE/DIV/DGS/08/EC/20_CE/PJ/60_SRL_LCT/LC_TESTS/Projects/003/LCO_Projects/LCOV5.4.5/MED17.5.21/MED17.5.21_C2/EA211_R3_CANv5_E100/Released/190724_085146_vme.zip",
        "swb": "SWB26.1",
        "Model_Overview": true,
        "Model_Overview_data": {
            "name": "VW MDL : MED17.5.21_C2 / EA211_R3_E100_CANv5 ; 190724",
            "A2LFile": "//bosch.com/dfsrb/DfsDE/DIV/DGS/08/EC/20_CE/PJ/60_SRL_LCT/LC_TESTS/Prg/003/MED17521/MRT/V36/D17521V36C002_M28I99.a2l"
        },
        "PVER": [
            {
                "PVER": "D17521V36C002",
                "ECU": "MED17.5.21",
                "Project": "VW EA211 TSI R3 1,0L EU6 MQB/PQ3x MED17.5.21"
            }
        ],
        "transfer": {
            "model_input_filepath": "//bosch.com/dfsrb/DfsDE/DIV/DGS/08/EC/20_CE/PJ/60_SRL_LCT/LC_TESTS/Projects/003/LCO_Projects/LCOV5.4.5/MED17.5.21/MED17.5.21_C2/EA211_R3_CANv5_E100/Released/190724_085146_vme.zip",
            "customer_group": "VW",
            "tis_artifact_name": "VW MDL : MED17.5.21_C2 / EA211_R3_E100_CANv5 ; 190724",
            "tis_artifact_path": "xCU Projects/MED17521/D17521V36C002/Model/HiL/SWB26.1/VME",
            "tis_migration": true,
            "lco_migration": false
        }
    },
    {
        "path": "//bosch.com/dfsrb/DfsDE/DIV/DGS/08/EC/20_CE/PJ/60_SRL_LCT/LC_TESTS/Projects/003/LCO_Projects/LCOV5.4.5/MED17.5.21/MED17.5.21_C2/EA211_R3_CANv7/Released/191209_075530_vme.zip",
        "swb": "SWB26.1",
        "Model_Overview": true,
        "Model_Overview_data": {
            "name": "VW MDL : MED17.5.21_C2 / EA211_R3_CANv7 ; 191209",
            "A2LFile": "D17521V93C002_M29K94.a2l (7 Gear AT); "
        },
        "PVER": [
            {
                "PVER": "D17521V93C002",
                "ECU": "MED17.5.21",
                "Project": "VW EA211 TSI R3 1,0L EU6 MQB/PQ3x MED17.5.21"
            }
        ],
        "transfer": {
            "model_input_filepath": "//bosch.com/dfsrb/DfsDE/DIV/DGS/08/EC/20_CE/PJ/60_SRL_LCT/LC_TESTS/Projects/003/LCO_Projects/LCOV5.4.5/MED17.5.21/MED17.5.21_C2/EA211_R3_CANv7/Released/191209_075530_vme.zip",
            "customer_group": "VW",
            "tis_artifact_name": "VW MDL : MED17.5.21_C2 / EA211_R3_CANv7 ; 191209",
            "tis_artifact_path": "xCU Projects/MED17521/D17521V93C002/Model/HiL/SWB26.1/VME",
            "tis_migration": true,
            "lco_migration": false
        }
    },
    {
        "path": "//bosch.com/dfsrb/DfsDE/DIV/DGS/08/EC/20_CE/PJ/60_SRL_LCT/LC_TESTS/Projects/003/LCO_Projects/LCOV5.4.5/MED17.5.21/MED17.5.21_C2/EA211_R4_CANv7_CNG/Released/190704_152257_vme.zip",
        "swb": "SWB26.1",
        "Model_Overview": true,
        "Model_Overview_data": {
            "name": "VW MDL : MED17.5.21_C2 / EA211_R4_CNG_CANV7: 190704",
            "A2LFile": "//bosch.com/dfsrb/DfsDE/DIV/DGS/08/EC/20_CE/PJ/60_SRL_LCT/LC_TESTS/Prg/003/MED17521/MRT/V09/D17521V09C002_M29HJ1.a2l"
        },
        "PVER": [
            {
                "PVER": "D17521V09C002",
                "ECU": "MED 17.5.21",
                "Project": "VW EA211 TSI EU5J MQB/PQ3x MED17.5.21"
            }
        ],
        "transfer": {
            "model_input_filepath": "//bosch.com/dfsrb/DfsDE/DIV/DGS/08/EC/20_CE/PJ/60_SRL_LCT/LC_TESTS/Projects/003/LCO_Projects/LCOV5.4.5/MED17.5.21/MED17.5.21_C2/EA211_R4_CANv7_CNG/Released/190704_152257_vme.zip",
            "customer_group": "VW",
            "tis_artifact_name": "VW MDL : MED17.5.21_C2 / EA211_R4_CNG_CANV7: 190704",
            "tis_artifact_path": "xCU Projects/MED 17521/D17521V09C002/Model/HiL/SWB26.1/VME",
            "tis_migration": true,
            "lco_migration": false
        }
    },
    {
        "path": "//bosch.com/dfsrb/DfsDE/DIV/DGS/08/EC/20_CE/PJ/60_SRL_LCT/LC_TESTS/Projects/003/LCO_Projects/LCOV5.4.5/MED17.5.21/MED17.5.21_EV/EV_VW_eUp/Released/191011_094217_vme.zip",
        "swb": "SWB26.1",
        "Model_Overview": true,
        "Model_Overview_data": {
            "name": "VW MDL : MED17.5.21_EV/ EV_VW_eUP_CANv5 : 191016",
            "A2LFile": "//bosch.com/dfsrb/DfsDE/DIV/DGS/08/EC/20_CE/PJ/60_SRL_LCT/LC_TESTS/Prg/003/MED17521/MRT/eUp/Eup/To_be_flashed/E17521VEUC000_N15A30.a2l"
        },
        "PVER": [
            {
                "PVER": "E17521VEUC000",
                "ECU": "MED17.5.21",
                "Project": "VW VW120/7 EV MED17.5.21"
            }
        ],
        "transfer": {
            "model_input_filepath": "//bosch.com/dfsrb/DfsDE/DIV/DGS/08/EC/20_CE/PJ/60_SRL_LCT/LC_TESTS/Projects/003/LCO_Projects/LCOV5.4.5/MED17.5.21/MED17.5.21_EV/EV_VW_eUp/Released/191011_094217_vme.zip",
            "customer_group": "VW",
            "tis_artifact_name": "VW MDL : MED17.5.21_EV/ EV_VW_eUP_CANv5 : 191016",
            "tis_artifact_path": "xCU Projects/MED17521/E17521VEUC000/Model/HiL/SWB26.1/VME",
            "tis_migration": true,
            "lco_migration": false
        }
    },
    {
        "path": "//bosch.com/dfsrb/DfsDE/DIV/DGS/08/EC/20_CE/PJ/60_SRL_LCT/LC_TESTS/Projects/003/LCO_Projects/LCOV5.4.5/MED17.5.25/MED17.5.25_C1/HI3_CANv5_CNG/Released/190611_115032_vme.zip",
        "swb": "SWB26.1",
        "Model_Overview": true,
        "Model_Overview_data": {
            "name": "VW MDL : MED17.5.25 / HI3_CANv5_CNG ; 190621",
            "A2LFile": "//bosch.com/dfsrb/DfsDE/DIV/DGS/08/EC/21_ECV/Global/DE/00_Data_Exchange/zms2si/PVERs_for_LC_model_development/MED17525/HI3_CNG_CANv5/D17525V84C001_M29E70.a2l"
        },
        "PVER": [
            {
                "PVER": "D17525V84C001",
                "ECU": "MED17.1.27",
                "Project": "VW EA211 TSI"
            }
        ],
        "transfer": {
            "model_input_filepath": "//bosch.com/dfsrb/DfsDE/DIV/DGS/08/EC/20_CE/PJ/60_SRL_LCT/LC_TESTS/Projects/003/LCO_Projects/LCOV5.4.5/MED17.5.25/MED17.5.25_C1/HI3_CANv5_CNG/Released/190611_115032_vme.zip",
            "customer_group": "VW",
            "tis_artifact_name": "VW MDL : MED17.5.25 / HI3_CANv5_CNG ; 190621",
            "tis_artifact_path": "xCU Projects/MED17127/D17525V84C001/Model/HiL/SWB26.1/VME",
            "tis_migration": true,
            "lco_migration": false
        }
    },
    {
        "path": "//bosch.com/dfsrb/DfsDE/DIV/DGS/08/EC/20_CE/PJ/60_SRL_LCT/LC_TESTS/Projects/003/LCO_Projects/LCOV5.4.5/MED17.5.25/MED17.5.25_C1/HI3_CANv5_E100/Released/190611_120057_vme.zip",
        "swb": "SWB26.1",
        "Model_Overview": true,
        "Model_Overview_data": {
            "name": "VW MDL : MED17.5.25 / HI3_CANv5_E100 ; 190624",
            "A2LFile": "//bosch.com/dfsrb/DfsDE/DIV/DGS/08/EC/20_CE/PJ/60_SRL_LCT/LC_TESTS/Prg/003/MED17525/D17525V86C001/M29DF1/ETKS/_Trial/D17525V86C001_M29DF1.a2l"
        },
        "PVER": [
            {
                "PVER": "D17525V86C001",
                "ECU": "MED17.1.27",
                "Project": "VW EA211 TSI"
            }
        ],
        "transfer": {
            "model_input_filepath": "//bosch.com/dfsrb/DfsDE/DIV/DGS/08/EC/20_CE/PJ/60_SRL_LCT/LC_TESTS/Projects/003/LCO_Projects/LCOV5.4.5/MED17.5.25/MED17.5.25_C1/HI3_CANv5_E100/Released/190611_120057_vme.zip",
            "customer_group": "VW",
            "tis_artifact_name": "VW MDL : MED17.5.25 / HI3_CANv5_E100 ; 190624",
            "tis_artifact_path": "xCU Projects/MED17127/D17525V86C001/Model/HiL/SWB26.1/VME",
            "tis_migration": true,
            "lco_migration": false
        }
    },
    {
        "path": "//bosch.com/dfsrb/DfsDE/DIV/DGS/08/EC/20_CE/PJ/60_SRL_LCT/LC_TESTS/Projects/003/LCO_Projects/LCOV5.4.5/MED17.5.25/MED17.5.25_C1/HI3_CANv7_E100/Released/190722_072333_vme.zip",
        "swb": "SWB26.1",
        "Model_Overview": true,
        "Model_Overview_data": {
            "name": "VW MDL : MED17.5.25 / HI3_CANv7_E100 ; 190729",
            "A2LFile": "//bosch.com/dfsrb/DfsDE/DIV/DGS/08/EC/20_CE/PJ/60_SRL_LCT/LC_TESTS/Prg/003/MED17525/Release_sw/HI3_CANv7_E100/D17525V80C001_M29DP0.a2l"
        },
        "PVER": [
            {
                "PVER": "D17525V80C001",
                "ECU": "MED17.1.27",
                "Project": "VW EA211 TSI"
            }
        ],
        "transfer": {
            "model_input_filepath": "//bosch.com/dfsrb/DfsDE/DIV/DGS/08/EC/20_CE/PJ/60_SRL_LCT/LC_TESTS/Projects/003/LCO_Projects/LCOV5.4.5/MED17.5.25/MED17.5.25_C1/HI3_CANv7_E100/Released/190722_072333_vme.zip",
            "customer_group": "VW",
            "tis_artifact_name": "VW MDL : MED17.5.25 / HI3_CANv7_E100 ; 190729",
            "tis_artifact_path": "xCU Projects/MED17127/D17525V80C001/Model/HiL/SWB26.1/VME",
            "tis_migration": true,
            "lco_migration": false
        }
    },
    {
        "path": "//bosch.com/dfsrb/DfsDE/DIV/DGS/08/EC/20_CE/PJ/60_SRL_LCT/LC_TESTS/Projects/003/LCO_Projects/LCOV5.4.5/MG1CA811/MG1CA811_C/EA211_BZ_R3_MPI_CANv5/Released/210716_214356_vme.zip",
        "swb": "SWB26.1",
        "Model_Overview": true,
        "Model_Overview_data": {
            "name": "VW MDL : MG1CA811_C / EA211_BZ_R3_MPI_CANv5 ; 210716",
            "A2LFile": "//bosch.com/dfsrb/DfsDE/DIV/DGS/08/EC/20_CE/PJ/60_SRL_LCT/LC_TESTS/Projects/003/temp/khu3kor/MG1CA811/BZ_CANv5/R3/DMG1811V21C2304_NC30.a2l"
        },
        "PVER": [
            {
                "PVER": "DMG1811V21C2304",
                "ECU": "MG1CA811-2.61",
                "Project": "VW EA211 MPI (PL7)"
            }
        ],
        "transfer": {
            "model_input_filepath": "//bosch.com/dfsrb/DfsDE/DIV/DGS/08/EC/20_CE/PJ/60_SRL_LCT/LC_TESTS/Projects/003/LCO_Projects/LCOV5.4.5/MG1CA811/MG1CA811_C/EA211_BZ_R3_MPI_CANv5/Released/210716_214356_vme.zip",
            "customer_group": "VW",
            "tis_artifact_name": "VW MDL : MG1CA811_C / EA211_BZ_R3_MPI_CANv5 ; 210716",
            "tis_artifact_path": "xCU Projects/MG1CA811/DMG1811V21C2304/Model/HiL/SWB26.1/VME",
            "tis_migration": true,
            "lco_migration": false
        }
    },
    {
        "path": "//bosch.com/dfsrb/DfsDE/DIV/DGS/08/EC/20_CE/PJ/60_SRL_LCT/LC_TESTS/Projects/003/LCO_Projects/LCOV5.4.5/MG1CA811/MG1CA811_C/EA211_BZ_R3_MPI_CANv7/Released/220207_042429_vme.zip",
        "swb": "SWB26.1",
        "Model_Overview": true,
        "Model_Overview_data": {
            "name": "VW MDL : MG1CA811_C / EA211_BZ_R3_MPI_CANv7 ; 220207",
            "A2LFile": "//bosch.com/dfsrb/DfsDE/DIV/DGS/08/EC/20_CE/PJ/60_SRL_LCT/LC_TESTS/Projects/003/DOCU/MG1CA811/C-Muster/_Common/60_Parameterization/01_Releases/01_Level3/01_BZ_R3_MPI_CANv7/DMG1811V20C2177_NC41.a2l"
        },
        "PVER": [
            {
                "PVER": "DMG1811V20C2177",
                "ECU": "MG1CA811-2.71",
                "Project": "VW EA211 MPI (PL7)"
            }
        ],
        "transfer": {
            "model_input_filepath": "//bosch.com/dfsrb/DfsDE/DIV/DGS/08/EC/20_CE/PJ/60_SRL_LCT/LC_TESTS/Projects/003/LCO_Projects/LCOV5.4.5/MG1CA811/MG1CA811_C/EA211_BZ_R3_MPI_CANv7/Released/220207_042429_vme.zip",
            "customer_group": "VW",
            "tis_artifact_name": "VW MDL : MG1CA811_C / EA211_BZ_R3_MPI_CANv7 ; 220207",
            "tis_artifact_path": "xCU Projects/MG1CA811/DMG1811V20C2177/Model/HiL/SWB26.1/VME",
            "tis_migration": true,
            "lco_migration": false
        }
    },
    {
        "path": "//bosch.com/dfsrb/DfsDE/DIV/DGS/08/EC/20_CE/PJ/60_SRL_LCT/LC_TESTS/Projects/003/LCO_Projects/LCOV5.4.5/MG1CA811/MG1CA811_C/EA211_BZ_R4_MPI_CANv5/Released/210716_205053_vme.zip",
        "swb": "SWB26.1",
        "Model_Overview": true,
        "Model_Overview_data": {
            "name": "VW MDL : MG1CA811_C / EA211_BZ_R4_MPI_CANv5 ; 210716",
            "A2LFile": "//bosch.com/dfsrb/DfsDE/DIV/DGS/08/EC/20_CE/PJ/60_SRL_LCT/LC_TESTS/Projects/003/temp/khu3kor/MG1CA811/BZ_CANv5/R4/DMG1811V22C2303_NC30.a2l"
        },
        "PVER": [
            {
                "PVER": "DMG1811V22C2303",
                "ECU": "MG1CA811-2.61",
                "Project": "VW EA211 MPI (PL7)"
            }
        ],
        "transfer": {
            "model_input_filepath": "//bosch.com/dfsrb/DfsDE/DIV/DGS/08/EC/20_CE/PJ/60_SRL_LCT/LC_TESTS/Projects/003/LCO_Projects/LCOV5.4.5/MG1CA811/MG1CA811_C/EA211_BZ_R4_MPI_CANv5/Released/210716_205053_vme.zip",
            "customer_group": "VW",
            "tis_artifact_name": "VW MDL : MG1CA811_C / EA211_BZ_R4_MPI_CANv5 ; 210716",
            "tis_artifact_path": "xCU Projects/MG1CA811/DMG1811V22C2303/Model/HiL/SWB26.1/VME",
            "tis_migration": true,
            "lco_migration": false
        }
    },
    {
        "path": "//bosch.com/dfsrb/DfsDE/DIV/DGS/08/EC/20_CE/PJ/60_SRL_LCT/LC_TESTS/Projects/003/LCO_Projects/LCOV5.4.5/MG1CA811/MG1CA811_C/EA211_BZ_R4_MPI_CANv5/Released/220207_095043_vme.zip",
        "swb": "SWB26.1",
        "Model_Overview": true,
        "Model_Overview_data": {
            "name": "VW MDL : MG1CA811_C / EA211_BZ_R4_MPI_CANv5 ; 220224",
            "A2LFile": "//bosch.com/dfsrb/DfsDE/DIV/DGS/08/EC/20_CE/PJ/60_SRL_LCT/LC_TESTS/Projects/003/DOCU/MG1CA811/C-Muster/_Common/60_Parameterization/01_Releases/02_Level2/EA211_BZ_R4_MPI_CANv5 ; 220224/software/DMG1811V15C2365_M23A00.a2l"
        },
        "PVER": [
            {
                "PVER": "DMG1811V15C2365",
                "ECU": "MG1CA811-2.2",
                "Project": "VW EA211 MPI"
            }
        ],
        "transfer": {
            "model_input_filepath": "//bosch.com/dfsrb/DfsDE/DIV/DGS/08/EC/20_CE/PJ/60_SRL_LCT/LC_TESTS/Projects/003/LCO_Projects/LCOV5.4.5/MG1CA811/MG1CA811_C/EA211_BZ_R4_MPI_CANv5/Released/220207_095043_vme.zip",
            "customer_group": "VW",
            "tis_artifact_name": "VW MDL : MG1CA811_C / EA211_BZ_R4_MPI_CANv5 ; 220224",
            "tis_artifact_path": "xCU Projects/MG1CA811/DMG1811V15C2365/Model/HiL/SWB26.1/VME",
            "tis_migration": true,
            "lco_migration": false
        }
    },
    {
        "path": "//bosch.com/dfsrb/DfsDE/DIV/DGS/08/EC/20_CE/PJ/60_SRL_LCT/LC_TESTS/Projects/003/LCO_Projects/LCOV5.4.5/MG1CA811/MG1CA811_C/EA211_R4_MPI_CANv7/Released/190918_112659_vme.zip",
        "swb": "SWB26.1",
        "Model_Overview": true,
        "Model_Overview_data": {
            "name": "VW MDL : MG1CA811_C / EA211_R4_MPI_CANv7 ; 190918",
            "A2LFile": "//bosch.com/dfsrb/DfsDE/DIV/GS/05/PJ/Csm/APPDAT_PVW/R4SQ-EA211/MG1CA811_R4_1.6l_EU/200_Programmstaende/DMG1811V14C2005_MQB/DMG1811V14C2005_M21D12/01_SW/Neutralbedatung/DMG1811V14C2005_M21D12.a2l"
        },
        "PVER": [
            {
                "PVER": "DMG1811V14C2005",
                "ECU": "MG1CA811-2.2",
                "Project": "VW EA211 MPI"
            }
        ],
        "transfer": {
            "model_input_filepath": "//bosch.com/dfsrb/DfsDE/DIV/DGS/08/EC/20_CE/PJ/60_SRL_LCT/LC_TESTS/Projects/003/LCO_Projects/LCOV5.4.5/MG1CA811/MG1CA811_C/EA211_R4_MPI_CANv7/Released/190918_112659_vme.zip",
            "customer_group": "VW",
            "tis_artifact_name": "VW MDL : MG1CA811_C / EA211_R4_MPI_CANv7 ; 190918",
            "tis_artifact_path": "xCU Projects/MG1CA811/DMG1811V14C2005/Model/HiL/SWB26.1/VME",
            "tis_migration": true,
            "lco_migration": false
        }
    },
    {
        "path": "//bosch.com/dfsrb/DfsDE/DIV/DGS/08/EC/20_CE/PJ/60_SRL_LCT/LC_TESTS/Projects/003/LCO_Projects/LCOV5.4.5/MG1CA811/MG1CA811_C/EA211_R4_MPI_CANv7/Released/220221_083032_vme.zip",
        "swb": "SWB26.1",
        "Model_Overview": true,
        "Model_Overview_data": {
            "name": "VW MDL : MG1CA811_C / EA211_R4_MPI_CANv7 ; 220222",
            "A2LFile": "//bosch.com/dfsrb/DfsDE/DIV/DGS/08/EC/20_CE/PJ/60_SRL_LCT/LC_TESTS/Projects/003/DOCU/MG1CA811/C-Muster/_Common/60_Parameterization/01_Releases/02_Level2/Software/DMG1811V15C2365_M23A00.a2l"
        },
        "PVER": [
            {
                "PVER": "DMG1811V15C2365",
                "ECU": "MG1CA811-2.2",
                "Project": "VW EA211 MPI"
            }
        ],
        "transfer": {
            "model_input_filepath": "//bosch.com/dfsrb/DfsDE/DIV/DGS/08/EC/20_CE/PJ/60_SRL_LCT/LC_TESTS/Projects/003/LCO_Projects/LCOV5.4.5/MG1CA811/MG1CA811_C/EA211_R4_MPI_CANv7/Released/220221_083032_vme.zip",
            "customer_group": "VW",
            "tis_artifact_name": "VW MDL : MG1CA811_C / EA211_R4_MPI_CANv7 ; 220222",
            "tis_artifact_path": "xCU Projects/MG1CA811/DMG1811V15C2365/Model/HiL/SWB26.1/VME",
            "tis_migration": true,
            "lco_migration": false
        }
    },
    {
        "path": "//bosch.com/dfsrb/DfsDE/DIV/DGS/08/EC/20_CE/PJ/60_SRL_LCT/LC_TESTS/Projects/003/LCO_Projects/LCOV5.4.5/MG1CA811/MG1CA811_C_VeMoX_R270/EA211_R4_GPF_MPI_CANv7/Released/220802_160515_vme.zip",
        "swb": "SWB26.1",
        "Model_Overview": true,
        "Model_Overview_data": {
            "name": "VW MDL : MG1CA811_C / EA211_R4_GPF_MPI_MT_CANv7 ; 220802",
            "A2LFile": "//bosch.com/dfsrb/DfsDE/DIV/DGS/08/EC/20_CE/PJ/60_SRL_LCT/LC_TESTS/Projects/003/DOCU/MG1CA811/C-Muster/_Common/60_Parameterization/R4/GPF_variant/Tested_SW/DMG1811V03C1834_T20C83_GPF.a2l"
        },
        "PVER": [
            {
                "PVER": "DMG1811V03C1834",
                "ECU": "MG1CA811-2.11",
                "Project": "VW EA211 MPI"
            }
        ],
        "transfer": {
            "model_input_filepath": "//bosch.com/dfsrb/DfsDE/DIV/DGS/08/EC/20_CE/PJ/60_SRL_LCT/LC_TESTS/Projects/003/LCO_Projects/LCOV5.4.5/MG1CA811/MG1CA811_C_VeMoX_R270/EA211_R4_GPF_MPI_CANv7/Released/220802_160515_vme.zip",
            "customer_group": "VW",
            "tis_artifact_name": "VW MDL : MG1CA811_C / EA211_R4_GPF_MPI_MT_CANv7 ; 220802",
            "tis_artifact_path": "xCU Projects/MG1CA811/DMG1811V03C1834/Model/HiL/SWB26.1/VME",
            "tis_migration": true,
            "lco_migration": false
        }
    },
    {
        "path": "//bosch.com/dfsrb/DfsDE/DIV/DGS/08/EC/20_CE/PJ/60_SRL_LCT/LC_TESTS/Projects/003/LCO_Projects/LCOV5.4.5/MG1CS001/PQ35_AT/Released/210125_093445_vme.zip",
        "swb": "SWB26.1",
        "Model_Overview": true,
        "Model_Overview_data": {
            "name": "VW MDL : MG1CS001_C / 1648_PQ35_AT_CANv5 ; 210125",
            "A2LFile": "//bosch.com/dfsrb/DfsDE/DIV/DGS/08/EC/20_CE/PJ/60_SRL_LCT/LC_TESTS/Prg/003/MG1CS001/DMG1001V01C1648/MY22C00/06K906016J/1409/ECU-BEST/Configuration/DMG1001V01C1648_MY22C00.a2l"
        },
        "PVER": [
            {
                "PVER": "DMG1001V01C1648",
                "ECU": "MG1CS001-9.5",
                "Project": "VW EA888 Gen3"
            }
        ],
        "transfer": {
            "model_input_filepath": "//bosch.com/dfsrb/DfsDE/DIV/DGS/08/EC/20_CE/PJ/60_SRL_LCT/LC_TESTS/Projects/003/LCO_Projects/LCOV5.4.5/MG1CS001/PQ35_AT/Released/210125_093445_vme.zip",
            "customer_group": "VW",
            "tis_artifact_name": "VW MDL : MG1CS001_C / 1648_PQ35_AT_CANv5 ; 210125",
            "tis_artifact_path": "xCU Projects/MG1CS001/DMG1001V01C1648/Model/HiL/SWB26.1/VME",
            "tis_migration": true,
            "lco_migration": false
        }
    },
    {
        "path": "//bosch.com/dfsrb/DfsDE/DIV/DGS/08/EC/20_CE/PJ/60_SRL_LCT/LC_TESTS/Projects/003/LCO_Projects/LCOV5.4.5/MG1CS011/MG1CS011_C_JDP/96kW_MQ_CANv719/Released/191016_111854_vme.zip",
        "swb": "SWB26.1",
        "Model_Overview": true,
        "Model_Overview_data": {
            "name": "VW MDL : MG1CS011_C_JDP / EA211_96kW_MQ_CANv719 ; 191016",
            "A2LFile": "//bosch.com/dfsrb/DfsDE/DIV/DGS/08/EC/20_CE/PJ/60_SRL_LCT/LC_TESTS/Prg/003/MG1CS011/Release_sw/96kW_MQ_CANv719/DMG1011V01CJ002_MY17C98.a2l"
        },
        "PVER": [
            {
                "PVER": "DMG1011V01CJ002 (C Line)",
                "ECU": "MG1CS011-3.1",
                "Project": "VW EA211 TSI Evo"
            }
        ],
        "transfer": {
            "model_input_filepath": "//bosch.com/dfsrb/DfsDE/DIV/DGS/08/EC/20_CE/PJ/60_SRL_LCT/LC_TESTS/Projects/003/LCO_Projects/LCOV5.4.5/MG1CS011/MG1CS011_C_JDP/96kW_MQ_CANv719/Released/191016_111854_vme.zip",
            "customer_group": "VW",
            "tis_artifact_name": "VW MDL : MG1CS011_C_JDP / EA211_96kW_MQ_CANv719 ; 191016",
            "tis_artifact_path": "xCU Projects/MG1CS011/DMG1011V01CJ002 (C Line)/Model/HiL/SWB26.1/VME",
            "tis_migration": true,
            "lco_migration": false
        }
    },
    {
        "path": "//bosch.com/dfsrb/DfsDE/DIV/DGS/08/EC/20_CE/PJ/60_SRL_LCT/LC_TESTS/Projects/003/LCO_Projects/LCOV5.4.5/MG1CS211/MG1CS211_C_EA211Classic/EA211_CN_R4_DQ_CANv7/Released/190619_063052_vme.zip",
        "swb": "SWB26.1",
        "Model_Overview": true,
        "Model_Overview_data": {
            "name": "VW MDL : MG1CS211_C_EA211Classic / EA211_CN_R4_DQ_CANv7 ; 190619",
            "A2LFile": "DMG1211V82C1933_M20D50.a2l"
        },
        "PVER": [
            {
                "PVER": "DMG1211V82C1933",
                "ECU": "MG1CS211-3.1",
                "Project": "VW EA211 TSI"
            }
        ],
        "transfer": {
            "model_input_filepath": "//bosch.com/dfsrb/DfsDE/DIV/DGS/08/EC/20_CE/PJ/60_SRL_LCT/LC_TESTS/Projects/003/LCO_Projects/LCOV5.4.5/MG1CS211/MG1CS211_C_EA211Classic/EA211_CN_R4_DQ_CANv7/Released/190619_063052_vme.zip",
            "customer_group": "VW",
            "tis_artifact_name": "VW MDL : MG1CS211_C_EA211Classic / EA211_CN_R4_DQ_CANv7 ; 190619",
            "tis_artifact_path": "xCU Projects/MG1CS211/DMG1211V82C1933/Model/HiL/SWB26.1/VME",
            "tis_migration": true,
            "lco_migration": false
        }
    },
    {
        "path": "//bosch.com/dfsrb/DfsDE/DIV/DGS/08/EC/20_CE/PJ/60_SRL_LCT/LC_TESTS/Projects/003/LCO_Projects/LCOV5.4.5/MG1CS211/MG1CS211_C_EA211Classic/EA211_CN_R4_DQ_CANv9/Released/200124_181900_vme.zip",
        "swb": "SWB26.1",
        "Model_Overview": true,
        "Model_Overview_data": {
            "name": "VW MDL : MG1CS211_C_EA211Classic / EA211_CN_R4_DQ_CANv9 ; 19mmdd",
            "HEXFile": "//bosch.com/dfsrb/DfsDE/DIV/DGS/08/EC/20_CE/PJ/60_SRL_LCT/LC_TESTS/Prg/003/MG1CS211/Murugesan/SW/V81/V3809CFM20D80B02.hex",
            "A2LFile": "//bosch.com/dfsrb/DfsDE/DIV/DGS/08/EC/20_CE/PJ/60_SRL_LCT/LC_TESTS/Prg/003/MG1CS211/Murugesan/SW/V81/DMG1211V81C1932_M20D80.a2l"
        },
        "PVER": [
            {
                "PVER": "DMG1211V81C1932",
                "ECU": "MG1CS211-6.11",
                "Project": "VW EA211 TSI"
            }
        ],
        "transfer": {
            "model_input_filepath": "//bosch.com/dfsrb/DfsDE/DIV/DGS/08/EC/20_CE/PJ/60_SRL_LCT/LC_TESTS/Projects/003/LCO_Projects/LCOV5.4.5/MG1CS211/MG1CS211_C_EA211Classic/EA211_CN_R4_DQ_CANv9/Released/200124_181900_vme.zip",
            "customer_group": "VW",
            "tis_artifact_name": "VW MDL : MG1CS211_C_EA211Classic / EA211_CN_R4_DQ_CANv9 ; 19mmdd",
            "tis_artifact_path": "xCU Projects/MG1CS211/DMG1211V81C1932/Model/HiL/SWB26.1/VME",
            "tis_migration": true,
            "lco_migration": false
        }
    },
    {
        "path": "//bosch.com/dfsrb/DfsDE/DIV/DGS/08/EC/20_CE/PJ/60_SRL_LCT/LC_TESTS/Projects/003/LCO_Projects/LCOV5.4.5/MG1CS211/MG1CS211_C_EA211Evo/118kW_CN_OPF_DQ_CANV9/Released/200511_120906_vme.zip",
        "swb": "SWB26.1",
        "Model_Overview": true,
        "Model_Overview_data": {
            "name": "VW MDL : MG1CS211_C_EA211Evo / 118KW_CN_OPF_DQ_CANv9 ; 200511",
            "A2LFile": "DMG1211V71C2114_M22A30_S1_Marged.hex"
        },
        "PVER": [
            {
                "PVER": "DMG1211V71C2114",
                "ECU": "MG1CS211_3.4",
                "Project": "VW EA211 TSI Evo (China)"
            }
        ],
        "transfer": {
            "model_input_filepath": "//bosch.com/dfsrb/DfsDE/DIV/DGS/08/EC/20_CE/PJ/60_SRL_LCT/LC_TESTS/Projects/003/LCO_Projects/LCOV5.4.5/MG1CS211/MG1CS211_C_EA211Evo/118kW_CN_OPF_DQ_CANV9/Released/200511_120906_vme.zip",
            "customer_group": "VW",
            "tis_artifact_name": "VW MDL : MG1CS211_C_EA211Evo / 118KW_CN_OPF_DQ_CANv9 ; 200511",
            "tis_artifact_path": "xCU Projects/MG1CS211_34/DMG1211V71C2114/Model/HiL/SWB26.1/VME",
            "tis_migration": true,
            "lco_migration": false
        }
    },
    {
        "path": "//bosch.com/dfsrb/DfsDE/DIV/DGS/08/EC/20_CE/PJ/60_SRL_LCT/LC_TESTS/Projects/003/LCO_Projects/LCOV5.4.5/MG1CS211/MG1CS211_C_PHEV/EA211_TSIevo_R4_PHEV_T7_CANv9/Released/200422_192407_vme.zip",
        "swb": "SWB26.1",
        "Model_Overview": true,
        "Model_Overview_data": {
            "name": "VW MDL : MG1CS211_C_PHEV / EA211_TSIevo_R4_PHEV_T7_CANv9 ; 200422",
            "A2LFile": "//bosch.com/dfsrb/DfsDE/DIV/DGS/08/EC/21_ECV/PJ/DE/45_GASOLINE_4_5_CYL/6024_EA211_MQB_PHEV_MG1CS211/30_SW/00_PST/DMG1211VH1C1989_B23B10/01_SW/DMG1211VH1C1989_B23B10.a2l"
        },
        "PVER": [
            {
                "PVER": "DMG1211VH1C1989",
                "ECU": "MG1CS211-3.1",
                "Project": "VW EA211 TSI PHEV"
            }
        ],
        "transfer": {
            "model_input_filepath": "//bosch.com/dfsrb/DfsDE/DIV/DGS/08/EC/20_CE/PJ/60_SRL_LCT/LC_TESTS/Projects/003/LCO_Projects/LCOV5.4.5/MG1CS211/MG1CS211_C_PHEV/EA211_TSIevo_R4_PHEV_T7_CANv9/Released/200422_192407_vme.zip",
            "customer_group": "VW",
            "tis_artifact_name": "VW MDL : MG1CS211_C_PHEV / EA211_TSIevo_R4_PHEV_T7_CANv9 ; 200422",
            "tis_artifact_path": "xCU Projects/MG1CS211/DMG1211VH1C1989/Model/HiL/SWB26.1/VME",
            "tis_migration": true,
            "lco_migration": false
        }
    },
    {
        "path": "//bosch.com/dfsrb/DfsDE/DIV/DGS/08/EC/20_CE/PJ/60_SRL_LCT/LC_TESTS/Projects/003/LCO_Projects/LCOV5.4.5/MG1CS211/MG1CS211_C_PHEV/EA211_TSI_R4_PHEV_CANv9/Released/181018_170625_vme.zip",
        "swb": "SWB26.1",
        "Model_Overview": true,
        "Model_Overview_data": {
            "name": "MG1CS211_C_PHEV / EA211_TSI_R4_PHEV_CANv9 ; 18mmdd",
            "HEXFile": "DMG1211VH1C1809_N20C00_eh.a2l",
            "A2LFile": "DMG1211VH1C1809_N20C00_BR03.hex"
        },
        "PVER": [
            {
                "PVER": "DMG1211VH1C1809",
                "ECU": "MG1CS211-3.1",
                "Project": "VW EA211 TSI PHEV"
            },
            {
                "PVER": "DMG1211VH1C1809",
                "ECU": "MG1CS211-3.1",
                "Project": "VW EA211 TSI PHEV"
            }
        ],
        "transfer": {
            "model_input_filepath": "//bosch.com/dfsrb/DfsDE/DIV/DGS/08/EC/20_CE/PJ/60_SRL_LCT/LC_TESTS/Projects/003/LCO_Projects/LCOV5.4.5/MG1CS211/MG1CS211_C_PHEV/EA211_TSI_R4_PHEV_CANv9/Released/181018_170625_vme.zip",
            "customer_group": "VW",
            "tis_artifact_name": "MG1CS211_C_PHEV / EA211_TSI_R4_PHEV_CANv9 ; 18mmdd",
            "tis_artifact_path": "xCU Projects/MG1CS211/DMG1211VH1C1809/Model/HiL/SWB26.1/VME",
            "tis_migration": true,
            "lco_migration": false
        }
    },
    {
        "path": "//bosch.com/dfsrb/DfsDE/DIV/DGS/08/EC/20_CE/PJ/60_SRL_LCT/LC_TESTS/Projects/003/LCO_Projects/LCOV5.4.5/MG1CS211/MG1CS211_C_PHEV/EA211_TSI_R4_PHEV_CANv9/Released/201116_174022_vme.zip",
        "swb": "SWB26.1",
        "Model_Overview": true,
        "Model_Overview_data": {
            "name": "VW MDL : MG1CS211_C_PHEV / EA211_TSI_R4_PHEV_CANv9 ; 201116",
            "HEXFile": "//bosch.com/dfsrb/DfsDE/DIV/DGS/08/EC/21_ECV/PJ/DE/45_GASOLINE_4_5_CYL/6024_EA211_MQB_PHEV_MG1CS211/30_SW/00_PST/DMG1211VH1C1809_N21E00/01_SW/DMG1211VH1C1809_N21E00.hex",
            "A2LFile": "//bosch.com/dfsrb/DfsDE/DIV/DGS/08/EC/21_ECV/PJ/DE/45_GASOLINE_4_5_CYL/6024_EA211_MQB_PHEV_MG1CS211/30_SW/00_PST/DMG1211VH1C1809_N21E00/01_SW/DMG1211VH1C1809_N21E00.a2l"
        },
        "PVER": [
            {
                "PVER": "DMG1211VH1C1809",
                "ECU": "MG1CS211-3.1",
                "Project": "VW EA211 TSI PHEV"
            },
            {
                "PVER": "DMG1211VH1C1809",
                "ECU": "MG1CS211-3.1",
                "Project": "VW EA211 TSI PHEV"
            }
        ],
        "transfer": {
            "model_input_filepath": "//bosch.com/dfsrb/DfsDE/DIV/DGS/08/EC/20_CE/PJ/60_SRL_LCT/LC_TESTS/Projects/003/LCO_Projects/LCOV5.4.5/MG1CS211/MG1CS211_C_PHEV/EA211_TSI_R4_PHEV_CANv9/Released/201116_174022_vme.zip",
            "customer_group": "VW",
            "tis_artifact_name": "VW MDL : MG1CS211_C_PHEV / EA211_TSI_R4_PHEV_CANv9 ; 201116",
            "tis_artifact_path": "xCU Projects/MG1CS211/DMG1211VH1C1809/Model/HiL/SWB26.1/VME",
            "tis_migration": true,
            "lco_migration": false
        }
    },
    {
        "path": "//bosch.com/dfsrb/DfsDE/DIV/DGS/08/EC/20_CE/PJ/60_SRL_LCT/LC_TESTS/Projects/003/LCO_Projects/LCOV5.4.11/MG1CA811/MG1CA811_C_VeMoX_R270/EA111_RSA_R4_MPI_AT_CANv5/Released/220406_114548_vme.zip",
        "swb": "SWB26.2",
        "Model_Overview": true,
        "Model_Overview_data": {
            "name": "VW MDL : MG1CA811_C / EA111_RSA_R4_MPI_CANv5 ; 220412",
            "A2LFile": "//bosch.com/dfsrb/DfsDE/DIV/DGS/08/EC/20_CE/PJ/60_SRL_LCT/LC_TESTS/Projects/003/DOCU/MG1CA811/C-Muster/_Common/60_Parameterization/01_Releases/03_Level1_RSA/SW/DMG1811V31A2353_M23A00.a2l"
        },
        "PVER": [
            {
                "PVER": "DMG1811V31A2353",
                "ECU": "MG1CA811-2.81",
                "Project": "VW EA211 MPI"
            }
        ],
        "transfer": {
            "model_input_filepath": "//bosch.com/dfsrb/DfsDE/DIV/DGS/08/EC/20_CE/PJ/60_SRL_LCT/LC_TESTS/Projects/003/LCO_Projects/LCOV5.4.11/MG1CA811/MG1CA811_C_VeMoX_R270/EA111_RSA_R4_MPI_AT_CANv5/Released/220406_114548_vme.zip",
            "customer_group": "VW",
            "tis_artifact_name": "VW MDL : MG1CA811_C / EA111_RSA_R4_MPI_CANv5 ; 220412",
            "tis_artifact_path": "xCU Projects/MG1CA811/DMG1811V31A2353/Model/HiL/SWB26.2/VME",
            "tis_migration": true,
            "lco_migration": false
        }
    },
    {
        "path": "//bosch.com/dfsrb/DfsDE/DIV/DGS/08/EC/20_CE/PJ/60_SRL_LCT/LC_TESTS/Projects/003/LCO_Projects/LCOV5.4.11/MG1CA811/MG1CA811_C_VeMoX_R270/EA211_R4_MPI_AT_CANv7/Released/220422_072615_vme.zip",
        "swb": "SWB26.2",
        "Model_Overview": true,
        "Model_Overview_data": {
            "name": "VW MDL : MG1CA811_C / EA211_R4_MPI_AT_CANv7 ; 220425",
            "A2LFile": "DMG1811V15C2365_M23C10.a2l"
        },
        "PVER": [
            {
                "PVER": "DMG1811V15C2365",
                "ECU": "MG1CA811-2.2",
                "Project": "VW EA211 MPI"
            }
        ],
        "transfer": {
            "model_input_filepath": "//bosch.com/dfsrb/DfsDE/DIV/DGS/08/EC/20_CE/PJ/60_SRL_LCT/LC_TESTS/Projects/003/LCO_Projects/LCOV5.4.11/MG1CA811/MG1CA811_C_VeMoX_R270/EA211_R4_MPI_AT_CANv7/Released/220422_072615_vme.zip",
            "customer_group": "VW",
            "tis_artifact_name": "VW MDL : MG1CA811_C / EA211_R4_MPI_AT_CANv7 ; 220425",
            "tis_artifact_path": "xCU Projects/MG1CA811/DMG1811V15C2365/Model/HiL/SWB26.2/VME",
            "tis_migration": true,
            "lco_migration": false
        }
    },
    {
        "path": "//bosch.com/dfsrb/DfsDE/DIV/DGS/08/EC/20_CE/PJ/60_SRL_LCT/LC_TESTS/Projects/003/LCO_Projects/LCOV5.4.11/MG1CA811/MG1CA811_C_VeMoX_R270/EA211_R4_MPI_AT_CANv7/Released/220506_200350_vme.zip",
        "swb": "SWB26.2",
        "Model_Overview": true,
        "Model_Overview_data": {
            "name": "VW MDL : MG1CA811_C / EA211_R4_MPI_AT_CANv7 ; 220615",
            "A2LFile": "//bosch.com/dfsrb/DfsDE/DIV/DGS/08/EC/20_CE/PJ/60_SRL_LCT/LC_TESTS/Projects/003/DOCU/MG1CA811/C-Muster/_Common/60_Parameterization/R4/EA211_R4_MPI_AT_CANv7/DMG1811V14C2005_M21D87.a2l"
        },
        "PVER": [
            {
                "PVER": "DMG1811V14C2005",
                "ECU": "MG1CA811-2.2",
                "Project": "VW EA211 MPI"
            }
        ],
        "transfer": {
            "model_input_filepath": "//bosch.com/dfsrb/DfsDE/DIV/DGS/08/EC/20_CE/PJ/60_SRL_LCT/LC_TESTS/Projects/003/LCO_Projects/LCOV5.4.11/MG1CA811/MG1CA811_C_VeMoX_R270/EA211_R4_MPI_AT_CANv7/Released/220506_200350_vme.zip",
            "customer_group": "VW",
            "tis_artifact_name": "VW MDL : MG1CA811_C / EA211_R4_MPI_AT_CANv7 ; 220615",
            "tis_artifact_path": "xCU Projects/MG1CA811/DMG1811V14C2005/Model/HiL/SWB26.2/VME",
            "tis_migration": true,
            "lco_migration": false
        }
    },
    {
        "path": "//bosch.com/dfsrb/DfsDE/DIV/DGS/08/EC/20_CE/PJ/60_SRL_LCT/LC_TESTS/Projects/003/LCO_Projects/LCOV5.4.11/MG1CS211/MG1CS211_C_PHEV/P1809_EA211_TSI_R4_PHEV_CANv9/Released/221027_172814_vme.zip",
        "swb": "SWB26.2",
        "Model_Overview": true,
        "Model_Overview_data": {
            "name": "VW MDL : MG1CS211_C_PHEV / P1809_EA211_TSI_R4_PHEV_CANv9 ; 221027",
            "A2LFile": "//bosch.com/dfsrb/DfsDE/DIV/DGS/08/EC/20_CE/PJ/60_SRL_LCT/LC_TESTS/Projects/003/DOCU/MG1CS211/C-Muster/PHEV/60_Parameterization/R4_PHEV/DMG1211VH1C1809_N21B60.a2l"
        },
        "PVER": [
            {
                "PVER": "DMG1211VH1C1809",
                "ECU": "MG1CS211-3.1",
                "Project": "VW EA211 TSI PHEV"
            }
        ],
        "transfer": {
            "model_input_filepath": "//bosch.com/dfsrb/DfsDE/DIV/DGS/08/EC/20_CE/PJ/60_SRL_LCT/LC_TESTS/Projects/003/LCO_Projects/LCOV5.4.11/MG1CS211/MG1CS211_C_PHEV/P1809_EA211_TSI_R4_PHEV_CANv9/Released/221027_172814_vme.zip",
            "customer_group": "VW",
            "tis_artifact_name": "VW MDL : MG1CS211_C_PHEV / P1809_EA211_TSI_R4_PHEV_CANv9 ; 221027",
            "tis_artifact_path": "xCU Projects/MG1CS211/DMG1211VH1C1809/Model/HiL/SWB26.2/VME",
            "tis_migration": true,
            "lco_migration": false
        }
    }
]