[
    {
        "path": "//bosch.com/dfsrb/DfsDE/DIV/DGS/08/EC/20_CE/PJ/60_SRL_LCT/LC_TESTS/Projects/003/LCO_Projects/LCOV5.4.11/MD1CS064/MD1CS064_C/V6_TDI_LK2_MHEV_FXv1206/Released/221115_134824_pcie.zip",
        "swb": "SWB26.2",
        "Model_Overview": true,
        "Model_Overview_data": {
            "name": "VW MDL : MD1CS064_C / V6_TDI_LK2_MHEV_FXv12 ; 221115",
            "A2LFile": "T:/LC_TESTS/Projects/003/DOCU/MD1CS064/C-Muster/_Common/MG1206/MMD164A0QC2153_MN00_internal.a2l"
        }
    },
    {
        "path": "//bosch.com/dfsrb/DfsDE/DIV/DGS/08/EC/20_CE/PJ/60_SRL_LCT/LC_TESTS/Projects/003/LCO_Projects/LCOV5.4.11/MD1CS064/MD1CS064_C/V6_TDI_LK2_MHEV_FXv1207/Released/231110_180002_pcie.zip",
        "swb": "SWB26.2",
        "Model_Overview": true,
        "Model_Overview_data": {
            "name": "VW MDL : MD1CS064_C / V6_TDI_LK2_MHEV_FXv1207 ; 231110",
            "A2LFile": "//BOSCH.COM/DfsRB/DfsDE/DIV/DGS/08/EC/20_CE/PJ/60_SRL_LCT/LC_TESTS/Projects/003/DOCU/MD1CS064/C-Muster/_Common/70_Verification/vVRT/1207/VVRT/C7BBAHE4LT4A.hex"
        }
    },
    {
        "path": "//bosch.com/dfsrb/DfsDE/DIV/DGS/08/EC/20_CE/PJ/60_SRL_LCT/LC_TESTS/Projects/003/LCO_Projects/LCOV5.4.11/MD1CS104/MD1CS104_C/P1894_CNF_AT_CANFDV14/Released/220421_170842_vme.zip",
        "swb": "SWB26.2",
        "Model_Overview": true,
        "Model_Overview_data": {
            "name": "1_VW MDL : MD1CS104_C / P1894_CNF_AT_CANFDV14 ; 220421",
            "HEXFile": "//bosch.com/dfsrb/DfsDE/DIV/DGS/08/EC/21_ECV/PJ/AT/05_COMMON_GENERAL/40_Delivery/VW/P1894/MMD1104VMFC1894_N950/06_calibration/MF950RKGC00V3.hex",
            "A2LFile": "//bosch.com/dfsrb/DfsDE/DIV/DGS/08/EC/21_ECV/PJ/AT/05_COMMON_GENERAL/40_Delivery/VW/P1894/MMD1104VMFC1894_N950/02_internal/MMD1104VMFC1894_N950_internal.a2l"
        }
    },
    {
        "path": "//bosch.com/dfsrb/DfsDE/DIV/DGS/08/EC/20_CE/PJ/60_SRL_LCT/LC_TESTS/Projects/003/LCO_Projects/LCOV5.4.11/MD1CS104/MD1CS104_C/P1894_CNF_AT_CANFDV14/Released/220915_132052_vme.zip",
        "swb": "SWB26.2",
        "Model_Overview": true,
        "Model_Overview_data": {
            "name": "1_VW MDL : MD1CS104_C / P1894_CNF_AT_CANFDV14 ; 230315",
            "A2LFile": "MMD1104VMFC1894_N955.a2l"
        }
    },
    {
        "path": "//bosch.com/dfsrb/DfsDE/DIV/DGS/08/EC/20_CE/PJ/60_SRL_LCT/LC_TESTS/Projects/003/LCO_Projects/LCOV5.4.11/MD1CS104/MD1CS104_C/P1894_CNF_MT_CANFDV14/Released/220421_153926_vme.zip",
        "swb": "SWB26.2",
        "Model_Overview": true,
        "Model_Overview_data": {
            "name": "VW MDL : MD1CS104_C / P1894_CNF_MT_CANFDV14 ; 220421",
            "HEXFile": "//bosch.com/dfsrb/DfsDE/DIV/DGS/08/EC/21_ECV/PJ/AT/05_COMMON_GENERAL/40_Delivery/VW/P1894/MMD1104VMFC1894_N950/06_calibration/MF950RKHC00V3.hex",
            "A2LFile": "//bosch.com/dfsrb/DfsDE/DIV/DGS/08/EC/21_ECV/PJ/AT/05_COMMON_GENERAL/40_Delivery/VW/P1894/MMD1104VMFC1894_N950/02_internal/MMD1104VMFC1894_N950_internal.a2l"
        }
    },
    {
        "path": "//bosch.com/dfsrb/DfsDE/DIV/DGS/08/EC/20_CE/PJ/60_SRL_LCT/LC_TESTS/Projects/003/LCO_Projects/LCOV5.4.11/MG1CA811/MG1CA811_C_VeMoX_R270/EA111_RSA_R4_MPI_AT_CANv5/Released/220406_114548_vme.zip",
        "swb": "SWB26.2",
        "Model_Overview": true,
        "Model_Overview_data": {
            "name": "VW MDL : MG1CA811_C / EA111_RSA_R4_MPI_CANv5 ; 220412",
            "A2LFile": "//bosch.com/dfsrb/DfsDE/DIV/DGS/08/EC/20_CE/PJ/60_SRL_LCT/LC_TESTS/Projects/003/DOCU/MG1CA811/C-Muster/_Common/60_Parameterization/01_Releases/03_Level1_RSA/SW/DMG1811V31A2353_M23A00.a2l"
        }
    },
    {
        "path": "//bosch.com/dfsrb/DfsDE/DIV/DGS/08/EC/20_CE/PJ/60_SRL_LCT/LC_TESTS/Projects/003/LCO_Projects/LCOV5.4.11/MG1CA811/MG1CA811_C_VeMoX_R270/EA211_BZ_R4_MPI_MT_CANv5/Released/230918_153145_vme.zip",
        "swb": "SWB26.2",
        "Model_Overview": true,
        "Model_Overview_data": {
            "name": "VW MDL : MG1CA811_C / EA211_BZ_R4_MPI_CANv5 ; 230918",
            "A2LFile": "//bosch.com/dfsrb/DfsDE/DIV/DGS/08/EC/20_CE/PJ/60_SRL_LCT/LC_TESTS/Projects/003/DOCU/MG1CA811/C-Muster/Released/EA211_BZ_R4_MPI_CANv5/DMG1811V28C2543_M24C00_4.a2l"
        }
    },
    {
        "path": "//bosch.com/dfsrb/DfsDE/DIV/DGS/08/EC/20_CE/PJ/60_SRL_LCT/LC_TESTS/Projects/003/LCO_Projects/LCOV5.4.11/MG1CA811/MG1CA811_C_VeMoX_R270/EA211_R4_MPI_AT_CANv7/Released/220422_072615_vme.zip",
        "swb": "SWB26.2",
        "Model_Overview": true,
        "Model_Overview_data": {
            "name": "VW MDL : MG1CA811_C / EA211_R4_MPI_AT_CANv7 ; 220425",
            "A2LFile": "DMG1811V15C2365_M23C10.a2l"
        }
    },
    {
        "path": "//bosch.com/dfsrb/DfsDE/DIV/DGS/08/EC/20_CE/PJ/60_SRL_LCT/LC_TESTS/Projects/003/LCO_Projects/LCOV5.4.11/MG1CA811/MG1CA811_C_VeMoX_R270/EA211_R4_MPI_AT_CANv7/Released/220506_200350_vme.zip",
        "swb": "SWB26.2",
        "Model_Overview": true,
        "Model_Overview_data": {
            "name": "VW MDL : MG1CA811_C / EA211_R4_MPI_AT_CANv7 ; 220615",
            "A2LFile": "//bosch.com/dfsrb/DfsDE/DIV/DGS/08/EC/20_CE/PJ/60_SRL_LCT/LC_TESTS/Projects/003/DOCU/MG1CA811/C-Muster/_Common/60_Parameterization/R4/EA211_R4_MPI_AT_CANv7/DMG1811V14C2005_M21D87.a2l"
        }
    },
    {
        "path": "//bosch.com/dfsrb/DfsDE/DIV/DGS/08/EC/20_CE/PJ/60_SRL_LCT/LC_TESTS/Projects/003/LCO_Projects/LCOV5.4.11/MG1CA811/MG1CA811_C_VeMoX_R270/EA211_R4_MPI_AT_CANv7_UNECE/Released/230404_180221_vme.zip",
        "swb": "SWB26.2",
        "Model_Overview": true,
        "Model_Overview_data": {
            "name": "VW MDL : MG1CA811_C / EA211_R4_MPI_AT_CANv7_UNECE ; 230404",
            "A2LFile": "//bosch.com/dfsrb/DfsDE/DIV/DGS/08/EC/20_CE/PJ/60_SRL_LCT/LC_TESTS/Projects/003/DOCU/MG1CA811/C-Muster/_Common/60_Parameterization/R4/EA211_R4_MPI_AT_CANv7_UNECE/DMG1811V41C2412_M24C02.a2l"
        }
    },
    {
        "path": "//bosch.com/dfsrb/DfsDE/DIV/DGS/08/EC/20_CE/PJ/60_SRL_LCT/LC_TESTS/Projects/003/LCO_Projects/LCOV5.4.11/MG1CA811/MG1CA811_C_VeMoX_R270/EA211_R4_MPI_AT_CANv9/Released/220505_191307_vme.zip",
        "swb": "SWB26.2",
        "Model_Overview": true,
        "Model_Overview_data": {
            "name": "VW MDL : MG1CA811_C / EA211_R4_MPI_AT_CANv9 ; 220830",
            "A2LFile": "//bosch.com/dfsrb/DfsDE/DIV/DGS/08/EC/20_CE/PJ/60_SRL_LCT/LC_TESTS/Projects/003/DOCU/MG1CA811/C-Muster/_Common/60_Parameterization/01_Releases/05_Level2_CANv9/CAN_v9_SW/DMG1811V13C1896_M21D81.a2l"
        }
    },
    {
        "path": "//bosch.com/dfsrb/DfsDE/DIV/DGS/08/EC/20_CE/PJ/60_SRL_LCT/LC_TESTS/Projects/003/LCO_Projects/LCOV5.4.11/MG1CA811/MG1CA811_C_VeMoX_R270/EA211_R4_MPI_MT_CANv1407/Released/240603_165839_vme.zip",
        "swb": "SWB26.2",
        "Model_Overview": true,
        "Model_Overview_data": {
            "name": "VW MDL : MG1CA811_C / EA211_R4_MPI_MT_CAnv14 ; 240604",
            "A2LFile": " DMG1811V33C2313_M24C50_1.a2l"
        }
    },
    {
        "path": "//bosch.com/dfsrb/DfsDE/DIV/DGS/08/EC/20_CE/PJ/60_SRL_LCT/LC_TESTS/Projects/003/LCO_Projects/LCOV5.4.11/MG1CS031/MG1CS031_C/1682_2099_MLBevo_OPF_NTK_DQ7_MHEV_FXv8/Released/221121_145436_vme.zip",
        "swb": "SWB26.2",
        "Model_Overview": true,
        "Model_Overview_data": {
            "name": "VW MDL : MG1CS031_C / 1682_2099_MLBevo_OPF_NTK_DQ_MHEV_FXv8; 221121",
            "A2LFile": "//bosch.com/dfsrb/DfsDE/DIV/GS/05/PJ/Csm/APPDAT_PVW/Audi_EA888_evo4_LK1/01-Programmstaende/04-DMG1031A01C1682-MLBevo-CMuster/2022_08_05__DMG1031A01C1682_MY24W10/06_calibration/DMG1031A01C1682_MY24W10.a2l"
        }
    },
    {
        "path": "//bosch.com/dfsrb/DfsDE/DIV/DGS/08/EC/20_CE/PJ/60_SRL_LCT/LC_TESTS/Projects/003/LCO_Projects/LCOV5.4.11/MG1CS142/MG1CS142_C/2292_NTK_DQ7_CANv14_SOK/Released/221014_234822_vme.zip",
        "swb": "SWB26.2",
        "Model_Overview": true,
        "Model_Overview_data": {
            "name": "VW MDL : MG1CS142_C / 2292_NTK_DQ7_CANv14_SOK ; 221014",
            "A2LFile": "//bosch.com/dfsrb/DfsDE/DIV/DGS/08/EC/21_ECV/PJ/AT/05_COMMON_GENERAL/51_TSM/30_Test_Development/40_Projects/MG1CS142/P2292/ECVTSM-15452/Software/DMG1142A01C2292_MY25E005.a2l"
        }
    },
    {
        "path": "//bosch.com/dfsrb/DfsDE/DIV/DGS/08/EC/20_CE/PJ/60_SRL_LCT/LC_TESTS/Projects/003/LCO_Projects/LCOV5.4.11/MG1CS142/MG1CS142_C/2292_NTK_DQ7_CANv14_SOK/Released/230426_134136_vme.zip",
        "swb": "SWB26.2",
        "Model_Overview": true,
        "Model_Overview_data": {
            "name": "VW MDL : MG1CS142_C / 2292_NTK_DQ7_CANv14_SOK ; 230426",
            "A2LFile": "//bosch.com/dfsrb/DfsDE/DIV/DGS/08/EC/20_CE/PJ/60_SRL_LCT/LC_TESTS/Projects/003/DOCU/MG1CS142/C-Muster/_Common/70_Verification/p2292/DMG1142A01C2292_MY25F01_3.a2l"
        }
    },
    {
        "path": "//bosch.com/dfsrb/DfsDE/DIV/DGS/08/EC/20_CE/PJ/60_SRL_LCT/LC_TESTS/Projects/003/LCO_Projects/LCOV5.4.11/MG1CS142/MG1CS142_C/2293_NTK_DQ7_CANv14_SOK/Released/220428_150923_vme.zip",
        "swb": "SWB26.2",
        "Model_Overview": true,
        "Model_Overview_data": {
            "name": "VW MDL : MG1CS142_C / 2293_NTK_DQ7_CANv14_SOK ; 220428",
            "A2LFile": "//bosch.com/dfsrb/DfsDE/DIV/DGS/08/EC/20_CE/PJ/60_SRL_LCT/LC_TESTS/Projects/003/temp/has4cob/2293/MY25D009/A2L_HEX/DMG1142A01C2293_MY25D009.a2l"
        }
    },
    {
        "path": "//bosch.com/dfsrb/DfsDE/DIV/DGS/08/EC/20_CE/PJ/60_SRL_LCT/LC_TESTS/Projects/003/LCO_Projects/LCOV5.4.11/MG1CS142/MG1CS142_C/2293_NTK_DQ7_CANv14_SOK/Released/220919_195413_vme.zip",
        "swb": "SWB26.2",
        "Model_Overview": true,
        "Model_Overview_data": {
            "name": "VW MDL : MG1CS142_C / 2293_NTK_DQ7_CANv14_SOK ; 220919",
            "A2LFile": "//bosch.com/dfsrb/DfsDE/DIV/DGS/08/EC/21_ECV/PJ/AT/05_COMMON_GENERAL/51_TSM/30_Test_Development/40_Projects/MG1CS142/P2293/ECVTSM-16123/Software/DMG1142A01C2293_MY25E007.a2l"
        }
    },
    {
        "path": "//bosch.com/dfsrb/DfsDE/DIV/DGS/08/EC/20_CE/PJ/60_SRL_LCT/LC_TESTS/Projects/003/LCO_Projects/LCOV5.4.11/MG1CS142/MG1CS142_C/2293_NTK_DQ7_CANv14_SOK/Released/231013_143530_vme.zip",
        "swb": "SWB26.2",
        "Model_Overview": true,
        "Model_Overview_data": {
            "name": "VW MDL : MG1CS142_C / 2293_NTK_DQ7_CANv14_SOK ; 231013",
            "A2LFile": "//bosch.com/dfsrb/DfsDE/DIV/DGS/08/EC/20_CE/PJ/60_SRL_LCT/LC_TESTS/Projects/003/DOCU/MG1CS142/C-Muster/_Common/70_Verification/p2293/DMG1142A01C2293_MY25H10_13.a2l"
        }
    },
    {
        "path": "//bosch.com/dfsrb/DfsDE/DIV/DGS/08/EC/20_CE/PJ/60_SRL_LCT/LC_TESTS/Projects/003/LCO_Projects/LCOV5.4.11/MG1CS142/MG1CS142_C/2317_NTK_DQ7_CANv14_SOK/Released/220428_161943_vme.zip",
        "swb": "SWB26.2",
        "Model_Overview": true,
        "Model_Overview_data": {
            "name": "VW MDL : MG1CS142_C / 2317_NTK_DQ7_CANv14_SOK ; 220428",
            "A2LFile": "//bosch.com/dfsrb/DfsDE/DIV/DGS/08/EC/20_CE/PJ/60_SRL_LCT/LC_TESTS/Projects/003/temp/has4cob/2317/MY25D00/DMG1142A01C2317_MY25D008.a2l"
        }
    },
    {
        "path": "//bosch.com/dfsrb/DfsDE/DIV/DGS/08/EC/20_CE/PJ/60_SRL_LCT/LC_TESTS/Projects/003/LCO_Projects/LCOV5.4.11/MG1CS211/MG1CS211_C_EA211Classic/EA211_RDW_R4_DQ_SOK_CANv14/Released/220315_175012_vme.zip",
        "swb": "SWB26.2",
        "Model_Overview": true,
        "Model_Overview_data": {
            "name": "VW MDL : MG1CS211_C_EA211Classic / EA211_RDW_R4_DQ_SOK_CANv14 ; 220317",
            "A2LFile": "//bosch.com/dfsrb/DfsDE/DIV/DGS/08/EC/20_CE/PJ/60_SRL_LCT/LC_TESTS/Projects/003/DOCU/MG1CS211/C-Muster/Classic/60_Parameterization/Level_02/EA211_RDW_R4_SOK_DQ_CANv14/01_Software/DMG1211V09C2307_M24F30.a2l"
        }
    },
    {
        "path": "//bosch.com/dfsrb/DfsDE/DIV/DGS/08/EC/20_CE/PJ/60_SRL_LCT/LC_TESTS/Projects/003/LCO_Projects/LCOV5.4.11/MG1CS211/MG1CS211_C_EA211Classic/EA211_RDW_R4_DQ_SOK_CANv14/Released/221028_080646_vme.zip",
        "swb": "SWB26.2",
        "Model_Overview": true,
        "Model_Overview_data": {
            "name": "VW MDL : MG1CS211_C_EA211Classic / EA211_RDW_R4_DQ_CANv14 ; 221109",
            "A2LFile": "//bosch.com/dfsrb/DfsDE/DIV/DGS/08/EC/20_CE/PJ/60_SRL_LCT/LC_TESTS/Projects/003/DOCU/MG1CS211/C-Muster/Classic/60_Parameterization/V14/DMG1211V09C2307_M24F50.a2l"
        }
    },
    {
        "path": "//bosch.com/dfsrb/DfsDE/DIV/DGS/08/EC/20_CE/PJ/60_SRL_LCT/LC_TESTS/Projects/003/LCO_Projects/LCOV5.4.11/MG1CS211/MG1CS211_C_EA211Evo/110kW_OPF_DQ_CANv7/Released/231109_120515_vme.zip",
        "swb": "SWB26.2",
        "Model_Overview": true,
        "Model_Overview_data": {
            "name": "2_VW MDL : MG1CS211_C_EA211Evo / 110kW_OPF_DQ_CANv7 ; 231109",
            "A2LFile": "//bosch.com/dfsrb/DfsDE/DIV/DGS/08/EC/20_CE/PJ/60_SRL_LCT/LC_TESTS/Projects/003/DOCU/_Globals/TestReports/MG1CS211_C_EA211Evo/110kW_OPF_DQ_CANV7/hex/DMG1211V07C1935_M22JD0.a2l"
        }
    },
    {
        "path": "//bosch.com/dfsrb/DfsDE/DIV/DGS/08/EC/20_CE/PJ/60_SRL_LCT/LC_TESTS/Projects/003/LCO_Projects/LCOV5.4.11/MG1CS211/MG1CS211_C_EA211Evo/110kW_OPF_DQ_MHEV_CANv14/Released/231123_095301_vme.zip",
        "swb": "SWB26.2",
        "Model_Overview": true,
        "Model_Overview_data": {
            "name": "VW MDL : MG1CS211_C_EA211Evo / 110KW_OPF_DQ_MHEV_CANv14 ; 240125",
            "A2LFile": "//bosch.com/dfsrb/DfsDE/DIV/DGS/08/EC/20_CE/PJ/60_SRL_LCT/003/MDG1/work/001_Test_team_VW_EA211_EVO2-TSI/003_EU6/016_M24KG0/V05/00_SW/0_original/DMG1211V05C2049_M24KG0_0.a2l"
        }
    },
    {
        "path": "//bosch.com/dfsrb/DfsDE/DIV/DGS/08/EC/20_CE/PJ/60_SRL_LCT/LC_TESTS/Projects/003/LCO_Projects/LCOV5.4.11/MG1CS211/MG1CS211_C_EA211Evo/118KW_CN_OPF_DQ_CANv14/Released/231123_153030_vme.zip",
        "swb": "SWB26.2",
        "Model_Overview": true,
        "Model_Overview_data": {
            "name": "4_VW MDL : MG1CS211_C_EA211Evo / 118kW_CN_OPF_DQ_CANV14 ; 231123",
            "A2LFile": "//bosch.com/dfsrb/DfsDE/DIV/DGS/08/EC/20_CE/PJ/60_SRL_LCT/LC_TESTS/Projects/003/DOCU/MG1CS211/C-Muster/Evo2/60_Parameterization/ECVTSM-21089/DMG1211V79C2115_M24ND1.a2l"
        }
    },
    {
        "path": "//bosch.com/dfsrb/DfsDE/DIV/DGS/08/EC/20_CE/PJ/60_SRL_LCT/LC_TESTS/Projects/003/LCO_Projects/LCOV5.4.11/MG1CS211/MG1CS211_C_EA211EvoR3/EA211_TSIevo_R3_MQ_CANv7/Released/230504_064816_vme.zip",
        "swb": "SWB26.2",
        "Model_Overview": true,
        "Model_Overview_data": {
            "name": "VW MDL : MG1CS211_C_EA211EvoR3 / EA211_TSIevo_R3_MQ_CANv7 ; 230504",
            "A2LFile": "//bosch.com/dfsrb/DfsDE/DIV/DGS/08/EC/20_CE/PJ/60_SRL_LCT/LC_TESTS/Projects/003/DOCU/MG1CS211/C-Muster/R3/70_Verification/Release/26.2_model_release_docs_MQ/DMG1211V01C2209_M23F42_0.a2l"
        }
    },
    {
        "path": "//bosch.com/dfsrb/DfsDE/DIV/DGS/08/EC/20_CE/PJ/60_SRL_LCT/LC_TESTS/Projects/003/LCO_Projects/LCOV5.4.11/MG1CS211/MG1CS211_C_PHEV/P1809_EA211_TSI_R4_PHEV_CANv9/Released/221027_172814_vme.zip",
        "swb": "SWB26.2",
        "Model_Overview": true,
        "Model_Overview_data": {
            "name": "VW MDL : MG1CS211_C_PHEV / P1809_EA211_TSI_R4_PHEV_CANv9 ; 221027",
            "A2LFile": "//bosch.com/dfsrb/DfsDE/DIV/DGS/08/EC/20_CE/PJ/60_SRL_LCT/LC_TESTS/Projects/003/DOCU/MG1CS211/C-Muster/PHEV/60_Parameterization/R4_PHEV/DMG1211VH1C1809_N21B60.a2l"
        }
    },
    {
        "path": "//bosch.com/dfsrb/DfsDE/DIV/DGS/08/EC/20_CE/PJ/60_SRL_LCT/LC_TESTS/Projects/003/LCO_Projects/LCOV5.4.11/MG1CS211/MG1CS211_C_PHEV/P2066_EA211_TSIevo_R4_PHEV_SOK_CANv14/Released/220331_162646_vme.zip",
        "swb": "SWB26.2",
        "Model_Overview": true,
        "Model_Overview_data": {
            "name": "VW MDL : MG1CS211_C_PHEV / P2066_EA211_TSIevo_R4_PHEV_SOK_CANv14 ; 220331",
            "A2LFile": "DMG1211VH1C2066_T23L00_SOK_INAKTIV.a2l"
        }
    },
    {
        "path": "//bosch.com/dfsrb/DfsDE/DIV/DGS/08/EC/20_CE/PJ/60_SRL_LCT/LC_TESTS/Projects/003/LCO_Projects/LCOV5.4.11/MG1CS211/MG1CS211_C_PHEV/P2066_EA211_TSIevo_R4_PHEV_SOK_CANv14/Released/220919_143928_vme.zip",
        "swb": "SWB26.2",
        "Model_Overview": true,
        "Model_Overview_data": {
            "name": "VW MDL : MG1CS211_C_PHEV / P2066_EA211_TSIevo_R4_PHEV_SOK_CANv14 ; 220919",
            "A2LFile": "DMG1211VH1C2066_M23M00.a2l"
        }
    },
    {
        "path": "//bosch.com/dfsrb/DfsDE/DIV/DGS/08/EC/20_CE/PJ/60_SRL_LCT/LC_TESTS/Projects/003/LCO_Projects/LCOV5.4.11/MG1CS211/MG1CS211_C_PHEV/P2066_EA211_TSIevo_R4_PHEV_SOK_CANv14/Released/221215_160646_vme.zip",
        "swb": "SWB26.2",
        "Model_Overview": true,
        "Model_Overview_data": {
            "name": "VW MDL : MG1CS211_C_PHEV / P2066_EA211_TSIevo_R4_PHEV_SOK_CANv14 ; 221215",
            "A2LFile": "//bosch.com/dfsrb/DfsDE/DIV/DGS/08/EC/20_CE/PJ/60_SRL_LCT/LC_TESTS/Projects/003/DOCU/MG1CS211/C-Muster/PHEV/70_Verification/P2066_EA211_TSIevo_R4_PHEV_SOK_CANv14/221215_160646_vme/DMG1211VH1C2066_M23N10.a2l"
        }
    },
    {
        "path": "//bosch.com/dfsrb/DfsDE/DIV/DGS/08/EC/20_CE/PJ/60_SRL_LCT/LC_TESTS/Projects/003/LCO_Projects/LCOV5.4.11/MG1CS211/MG1CS211_C_PHEV/P2066_EA211_TSIevo_R4_PHEV_SOK_CANv14/Released/230327_152734_vme.zip",
        "swb": "SWB26.2",
        "Model_Overview": true,
        "Model_Overview_data": {
            "name": "VW MDL : MG1CS211_C_PHEV / P2066_EA211_TSIevo_R4_PHEV_SOK_CANv14 ; 230327",
            "A2LFile": "//bosch.com/dfsrb/DfsDE/DIV/DGS/08/EC/20_CE/PJ/60_SRL_LCT/LC_TESTS/Projects/003/DOCU/MG1CS211/C-Muster/PHEV/60_Parameterization/R4_PHEV_SOK_CANv14_M23N10/DMG1211VH1C2066_M23N10.a2l"
        }
    }
]