{
    "models": [
        {
            "model_input_filepath": "//bosch.com/dfsrb/DfsDE/DIV/DGS/08/EC/20_CE/PJ/60_SRL_LCT/LC_TESTS/Projects/003/LCO_Projects/LCOV5.4.5/EDC17C64/P866_EA288_SCR_CANv6/Released/190627_132113_vme.zip",
            "customer_group": "VW",
            "tis_artifact_name": "VW MDL : EDC17C64_C / P866_EA288_SCR_CANv6 ; 190724",
            "tis_artifact_path": "xCU Projects/EDC17C64/M1764VDEC866/Model/HiL/SWB26.1/VME",
            "tis_migration": true,
            "lco_migration": false
        },
        {
            "model_input_filepath": "//bosch.com/dfsrb/DfsDE/DIV/DGS/08/EC/20_CE/PJ/60_SRL_LCT/LC_TESTS/Projects/003/LCO_Projects/LCOV5.4.5/EDC17C64/P866_EA288_SCR_CANv7/Released/190627_133747_vme.zip",
            "customer_group": "VW",
            "tis_artifact_name": "VW MDL : EDC17C64_C / P866_EA288_SCR_CANv7 ; 190730",
            "tis_artifact_path": "xCU Projects/EDC17C64/M1764VDBC866/Model/HiL/SWB26.1/VME",
            "tis_migration": true,
            "lco_migration": false
        },
        {
            "model_input_filepath": "//bosch.com/dfsrb/DfsDE/DIV/DGS/08/EC/20_CE/PJ/60_SRL_LCT/LC_TESTS/Projects/003/LCO_Projects/LCOV5.4.5/EDC17CP74/P1275_EA288_Bit_SCR_CANv7_AT/Released/190327_054936_vme.zip",
            "customer_group": "VW",
            "tis_artifact_name": "VW MDL : EDC17CP74_C / P1275_EA288_Bit_SCR_CANv7_AT ; 190327",
            "tis_artifact_path": "xCU Projects/EDC17CP74/P1774VBOC1275/Model/HiL/SWB26.1/VME",
            "tis_migration": true,
            "lco_migration": false
        },
        {
            "model_input_filepath": "//bosch.com/dfsrb/DfsDE/DIV/DGS/08/EC/20_CE/PJ/60_SRL_LCT/LC_TESTS/Projects/003/LCO_Projects/LCOV5.4.5/MD1CP004/V6_TDI_FX808_PHEV/Released/210823_082515_vme.zip",
            "customer_group": "VW",
            "tis_artifact_name": "VW MDL : MD1CP004_C / V6_TDI_FX808_PHEV ; 210823",
            "tis_artifact_path": "xCU Projects/MD1CP004/PMD104A0QC1314/Model/HiL/SWB26.1/VME",
            "tis_migration": true,
            "lco_migration": false
        },
        {
            "model_input_filepath": "//bosch.com/dfsrb/DfsDE/DIV/DGS/08/EC/20_CE/PJ/60_SRL_LCT/LC_TESTS/Projects/003/LCO_Projects/LCOV5.4.5/MD1CP004/V6_TDI_FX810/Released/190405_205738_vme.zip",
            "customer_group": "VW",
            "tis_artifact_name": "VW MDL : MD1CP004_C / V6_TDI_FX810 ; 190411",
            "tis_artifact_path": "xCU Projects/MD1CP004/PMD104A0QC1669/Model/HiL/SWB26.1/VME",
            "tis_migration": true,
            "lco_migration": false
        },
        {
            "model_input_filepath": "//bosch.com/dfsrb/DfsDE/DIV/DGS/08/EC/20_CE/PJ/60_SRL_LCT/LC_TESTS/Projects/003/LCO_Projects/LCOV5.4.5/MD1CP014/V8_TDI_MHEV48V_FXv8/Released/200128_111731_vme.zip",
            "customer_group": "VW",
            "tis_artifact_name": "VW MDL : MD1CP014_C / V8_TDI_MHEV48V_FXv8 ; 200128",
            "tis_artifact_path": "xCU Projects/MD1CP014/PMD114A0DC1508/Model/HiL/SWB26.1/VME",
            "tis_migration": true,
            "lco_migration": false
        },
        {
            "model_input_filepath": "//bosch.com/dfsrb/DfsDE/DIV/DGS/08/EC/20_CE/PJ/60_SRL_LCT/LC_TESTS/Projects/003/LCO_Projects/LCOV5.4.5/MD1CS004/MD1CS004_C/P1635_MA_AT_FX/Released/210621_170017_vme.zip",
            "customer_group": "VW",
            "tis_artifact_name": "VW MDL : MD1CS004_C / P1635_MA_AT_FX ; 210621",
            "tis_artifact_path": "xCU Projects/MD1CS004/MMD104VMAC1483 (MA6)/Model/HiL/SWB26.1/VME",
            "tis_migration": true,
            "lco_migration": false
        },
        {
            "model_input_filepath": "//bosch.com/dfsrb/DfsDE/DIV/DGS/08/EC/20_CE/PJ/60_SRL_LCT/LC_TESTS/Projects/003/LCO_Projects/LCOV5.4.5/MD1CS104/MD1CS104_C/P2249_EA288_AT_CANFDV14/Released/210504_164036_vme.zip",
            "customer_group": "VW",
            "tis_artifact_name": "VW MDL : MD1CS104_C / P2249_EA288_AT_CANv14 ; 210504",
            "tis_artifact_path": "xCU Projects/MD1CS104/MMD1104VMNC2249/Model/HiL/SWB26.1/VME",
            "tis_migration": true,
            "lco_migration": false
        },
        {
            "model_input_filepath": "//bosch.com/dfsrb/DfsDE/DIV/DGS/08/EC/20_CE/PJ/60_SRL_LCT/LC_TESTS/Projects/003/LCO_Projects/LCOV5.4.5/ME17.5.20/Released/191204_193558_vme.zip",
            "customer_group": "VW",
            "tis_artifact_name": "VW MDL : ME17.5.20 / ME17.5.20_C ; 191204",
            "tis_artifact_path": "xCU Projects/ME17520/S1752V24C000/Model/HiL/SWB26.1/VME",
            "tis_migration": true,
            "lco_migration": false
        },
        {
            "model_input_filepath": "//bosch.com/dfsrb/DfsDE/DIV/DGS/08/EC/20_CE/PJ/60_SRL_LCT/LC_TESTS/Projects/003/LCO_Projects/LCOV5.4.5/ME17.5.20/Released/200110_115717_vme.zip",
            "customer_group": "VW",
            "tis_artifact_name": "VW MDL : ME17.5.20 / ME17.5.20_C ; 191204",
            "tis_artifact_path": "xCU Projects/ME17520/S1752V24C000/Model/HiL/SWB26.1/VME",
            "tis_migration": true,
            "lco_migration": false
        },
        {
            "model_input_filepath": "//bosch.com/dfsrb/DfsDE/DIV/DGS/08/EC/20_CE/PJ/60_SRL_LCT/LC_TESTS/Projects/003/LCO_Projects/LCOV5.4.5/ME17.5.26/ME17.5.26_C/ME17.5.26_C_R3_CANv5/Released/191112_190122_vme.zip",
            "customer_group": "VW",
            "tis_artifact_name": "VW MDL : ME17.5.26_C / ME17.5.26_C_R3_CANv5 ; 191112",
            "tis_artifact_path": "xCU Projects/ME17526/S17526V17C000/Model/HiL/SWB26.1/VME",
            "tis_migration": true,
            "lco_migration": false
        },
        {
            "model_input_filepath": "//bosch.com/dfsrb/DfsDE/DIV/DGS/08/EC/20_CE/PJ/60_SRL_LCT/LC_TESTS/Projects/003/LCO_Projects/LCOV5.4.5/ME17.5.26/ME17.5.26_C/ME17.5.26_C_R4_CANv7/Released/191023_114725_vme.zip",
            "customer_group": "VW",
            "tis_artifact_name": "VW MDL : ME17.5.26_C / R4_CANv7 ; 191031",
            "tis_artifact_path": "xCU Projects/ME17526/S17526V03C000/Model/HiL/SWB26.1/VME",
            "tis_migration": true,
            "lco_migration": false
        },
        {
            "model_input_filepath": "//bosch.com/dfsrb/DfsDE/DIV/DGS/08/EC/20_CE/PJ/60_SRL_LCT/LC_TESTS/Projects/003/LCO_Projects/LCOV5.4.5/MED17.1.27/MED17.1.27_C/EA211_BZ_R3_AT_CANv7/Released/200426_155701_vme.zip",
            "customer_group": "VW",
            "tis_artifact_name": "VW MDL : MED17.1.27_C / EA211_BZ_R3_AT_CANv7 ; 200426",
            "tis_artifact_path": "xCU Projects/MED17127/D17127V53C001/Model/HiL/SWB26.1/VME",
            "tis_migration": true,
            "lco_migration": false
        },
        {
            "model_input_filepath": "//bosch.com/dfsrb/DfsDE/DIV/DGS/08/EC/20_CE/PJ/60_SRL_LCT/LC_TESTS/Projects/003/LCO_Projects/LCOV5.4.5/MED17.1.27/MED17.1.27_C/EA211_BZ_R3_AT_E100_CANv7/Released/200516_123504_vme.zip",
            "customer_group": "VW",
            "tis_artifact_name": "VW MDL : MED17.1.27_C / EA211_BZ_R3_AT_E100_CANv7 ; 200516",
            "tis_artifact_path": "xCU Projects/MED17127/D17127V51C001/Model/HiL/SWB26.1/VME",
            "tis_migration": true,
            "lco_migration": false
        },
        {
            "model_input_filepath": "//bosch.com/dfsrb/DfsDE/DIV/DGS/08/EC/20_CE/PJ/60_SRL_LCT/LC_TESTS/Projects/003/LCO_Projects/LCOV5.4.5/MED17.1.27/MED17.1.27_C/EA211_BZ_R3_AT_E100_CANv7/Released/210226_140931_vme.zip",
            "customer_group": "VW",
            "tis_artifact_name": "VW MDL : MED17.1.27_C / EA211_BZ_R3_AT_E100_CANv7 ; 210226",
            "tis_artifact_path": "xCU Projects/MED17127/D17127V51C001/Model/HiL/SWB26.1/VME",
            "tis_migration": true,
            "lco_migration": false
        },
        {
            "model_input_filepath": "//bosch.com/dfsrb/DfsDE/DIV/DGS/08/EC/20_CE/PJ/60_SRL_LCT/LC_TESTS/Projects/003/LCO_Projects/LCOV5.4.5/MED17.1.27/MED17.1.27_C/EA211_BZ_R4_AT_CANv7/Released/200429_104215_vme.zip",
            "customer_group": "VW",
            "tis_artifact_name": "VW MDL : MED17.1.27_C / EA211_BZ_R4_AT_CANv7 ; 200430",
            "tis_artifact_path": "xCU Projects/MED17127/D17127V50C001/Model/HiL/SWB26.1/VME",
            "tis_migration": true,
            "lco_migration": false
        },
        {
            "model_input_filepath": "//bosch.com/dfsrb/DfsDE/DIV/DGS/08/EC/20_CE/PJ/60_SRL_LCT/LC_TESTS/Projects/003/LCO_Projects/LCOV5.4.5/MED17.1.27/MED17.1.27_C/EA211_BZ_R4_AT_CANv7/Released/210122_204308_vme.zip",
            "customer_group": "VW",
            "tis_artifact_name": "VW MDL : MED17.1.27_C / EA211_BZ_R4_AT_CANv7 ; 210122",
            "tis_artifact_path": "xCU Projects/MED17127/D17127V50C001/Model/HiL/SWB26.1/VME",
            "tis_migration": true,
            "lco_migration": false
        },
        {
            "model_input_filepath": "//bosch.com/dfsrb/DfsDE/DIV/DGS/08/EC/20_CE/PJ/60_SRL_LCT/LC_TESTS/Projects/003/LCO_Projects/LCOV5.4.5/MED17.1.27/MED17.1.27_C/EA211_BZ_R4_AT_CANv7/Released/210205_105741_vme.zip",
            "customer_group": "VW",
            "tis_artifact_name": "VW MDL : MED17.1.27_C / EA211_BZ_R4_AT_CANv7 ; 210205",
            "tis_artifact_path": "xCU Projects/MED17127/D17127V50C001/Model/HiL/SWB26.1/VME",
            "tis_migration": true,
            "lco_migration": false
        },
        {
            "model_input_filepath": "//bosch.com/dfsrb/DfsDE/DIV/DGS/08/EC/20_CE/PJ/60_SRL_LCT/LC_TESTS/Projects/003/LCO_Projects/LCOV5.4.5/MED17.1.27/MED17.1.27_C/EA211_BZ_R4_AT_CANv7/Released/210309_125757_vme.zip",
            "customer_group": "VW",
            "tis_artifact_name": "VW MDL : MED17.1.27_C / EA211_BZ_R4_AT_CANv7 ; 210309",
            "tis_artifact_path": "xCU Projects/MED17127/D17127V50C001/Model/HiL/SWB26.1/VME",
            "tis_migration": true,
            "lco_migration": false
        },
        {
            "model_input_filepath": "//bosch.com/dfsrb/DfsDE/DIV/DGS/08/EC/20_CE/PJ/60_SRL_LCT/LC_TESTS/Projects/003/LCO_Projects/LCOV5.4.5/MED17.1.27/MED17.1.27_C/EA211_CN_R4_AT_CANv5/Released/190423_125450_vme.zip",
            "customer_group": "VW",
            "tis_artifact_name": "VW MDL : MED17.1.27_C / EA211_CN_R4_AT_CANv5 ; 190423",
            "tis_artifact_path": "xCU Projects/MED17127/D17127V14C001/Model/HiL/SWB26.1/VME",
            "tis_migration": true,
            "lco_migration": false
        },
        {
            "model_input_filepath": "//bosch.com/dfsrb/DfsDE/DIV/DGS/08/EC/20_CE/PJ/60_SRL_LCT/LC_TESTS/Projects/003/LCO_Projects/LCOV5.4.5/MED17.1.27/MED17.1.27_C/EA211_CN_R4_AT_CANv5/Released/201124_224120_vme.zip",
            "customer_group": "VW",
            "tis_artifact_name": "VW MDL : MED17.1.27_C / EA211_CN_R4_AT_CANv5 ; 201124",
            "tis_artifact_path": "xCU Projects/MED17127/D17127V14C001/Model/HiL/SWB26.1/VME",
            "tis_migration": true,
            "lco_migration": false
        },
        {
            "model_input_filepath": "//bosch.com/dfsrb/DfsDE/DIV/DGS/08/EC/20_CE/PJ/60_SRL_LCT/LC_TESTS/Projects/003/LCO_Projects/LCOV5.4.5/MED17.1.27/MED17.1.27_C/EA211_CN_R4_AT_CANv5/Released/201210_042844_vme.zip",
            "customer_group": "VW",
            "tis_artifact_name": "VW MDL : MED17.1.27_C / EA211_CN_R4_AT_CANv5 ; 201210",
            "tis_artifact_path": "xCU Projects/MED17127/D17127V14C001/Model/HiL/SWB26.1/VME",
            "tis_migration": true,
            "lco_migration": false
        },
        {
            "model_input_filepath": "//bosch.com/dfsrb/DfsDE/DIV/DGS/08/EC/20_CE/PJ/60_SRL_LCT/LC_TESTS/Projects/003/LCO_Projects/LCOV5.4.5/MED17.1.27/MED17.1.27_C/EA211_CN_R4_AT_CANv5/Released/210212_210013_vme.zip",
            "customer_group": "VW",
            "tis_artifact_name": "VW MDL : MED17.1.27_C / EA211_CN_R4_AT_CANv5 ; 210212",
            "tis_artifact_path": "xCU Projects/MED17127/D17127V14C001/Model/HiL/SWB26.1/VME",
            "tis_migration": true,
            "lco_migration": false
        },
        {
            "model_input_filepath": "//bosch.com/dfsrb/DfsDE/DIV/DGS/08/EC/20_CE/PJ/60_SRL_LCT/LC_TESTS/Projects/003/LCO_Projects/LCOV5.4.5/MED17.1.27/MED17.1.27_C/EA211_CN_R4_AT_CANv7/Released/190409_145617_vme.zip",
            "customer_group": "VW",
            "tis_artifact_name": "VW MDL : MED17.1.27_C / EA211_CN_R4_AT_CANv7 ; 190409",
            "tis_artifact_path": "xCU Projects/MED17127/D17127V13C001/Model/HiL/SWB26.1/VME",
            "tis_migration": true,
            "lco_migration": false
        },
        {
            "model_input_filepath": "//bosch.com/dfsrb/DfsDE/DIV/DGS/08/EC/20_CE/PJ/60_SRL_LCT/LC_TESTS/Projects/003/LCO_Projects/LCOV5.4.5/MED17.1.27/MED17.1.27_C/EA211_CN_R4_AT_CANv7/Released/200327_122114_vme.zip",
            "customer_group": "VW",
            "tis_artifact_name": "VW MDL : MED17.1.27_C / EA211_CN_R4_AT_CANv7 ; 200327",
            "tis_artifact_path": "xCU Projects/MED17127/D17127V13C001/Model/HiL/SWB26.1/VME",
            "tis_migration": true,
            "lco_migration": false
        },
        {
            "model_input_filepath": "//bosch.com/dfsrb/DfsDE/DIV/DGS/08/EC/20_CE/PJ/60_SRL_LCT/LC_TESTS/Projects/003/LCO_Projects/LCOV5.4.5/MED17.1.27/MED17.1.27_C/EA211_CN_R4_AT_CANv7/Released/201103_133655_vme.zip",
            "customer_group": "VW",
            "tis_artifact_name": "VW MDL : MED17.1.27_C / EA211_CN_R4_AT_CANv7 ; 201103",
            "tis_artifact_path": "xCU Projects/MED17127/D17127V13C001/Model/HiL/SWB26.1/VME",
            "tis_migration": true,
            "lco_migration": false
        },
        {
            "model_input_filepath": "//bosch.com/dfsrb/DfsDE/DIV/DGS/08/EC/20_CE/PJ/60_SRL_LCT/LC_TESTS/Projects/003/LCO_Projects/LCOV5.4.5/MED17.1.27/MED17.1.27_C/EA211_CN_R4_MQ_CANv7/Released/190409_100830_vme.zip",
            "customer_group": "VW",
            "tis_artifact_name": "VW MDL : MED17.1.27_C / EA211_CN_R4_MQ_CANv7 ; 190410",
            "tis_artifact_path": "xCU Projects/MED17127/D17127V13C001/Model/HiL/SWB26.1/VME",
            "tis_migration": true,
            "lco_migration": false
        },
        {
            "model_input_filepath": "//bosch.com/dfsrb/DfsDE/DIV/DGS/08/EC/20_CE/PJ/60_SRL_LCT/LC_TESTS/Projects/003/LCO_Projects/LCOV5.4.5/MED17.1.27/MED17.1.27_C/EA211_CN_R4_MQ_CANv7/Released/200403_040302_vme.zip",
            "customer_group": "VW",
            "tis_artifact_name": "VW MDL : MED17.1.27_C / EA211_CN_R4_MQ_CANv7 ; 200403",
            "tis_artifact_path": "xCU Projects/MED17127/D17127V13C001/Model/HiL/SWB26.1/VME",
            "tis_migration": true,
            "lco_migration": false
        },
        {
            "model_input_filepath": "//bosch.com/dfsrb/DfsDE/DIV/DGS/08/EC/20_CE/PJ/60_SRL_LCT/LC_TESTS/Projects/003/LCO_Projects/LCOV5.4.5/MED17.1.27/MED17.1.27_C/EA211_CN_R4_MQ_CANv7/Released/201117_223353_vme.zip",
            "customer_group": "VW",
            "tis_artifact_name": "VW MDL : MED17.1.27_C / EA211_CN_R4_MQ_CANv7 ; 201117",
            "tis_artifact_path": "xCU Projects/MED17127/D17127V13C001/Model/HiL/SWB26.1/VME",
            "tis_migration": true,
            "lco_migration": false
        },
        {
            "model_input_filepath": "//bosch.com/dfsrb/DfsDE/DIV/DGS/08/EC/20_CE/PJ/60_SRL_LCT/LC_TESTS/Projects/003/LCO_Projects/LCOV5.4.5/MED17.1.27/MED17.1.27_C/EA211_CN_R4_MQ_CANv7/Released/210209_105733_vme.zip",
            "customer_group": "VW",
            "tis_artifact_name": "VW MDL : MED17.1.27_C / EA211_CN_R4_MQ_CANv7 ; 210209",
            "tis_artifact_path": "xCU Projects/MED17127/D17127V13C001/Model/HiL/SWB26.1/VME",
            "tis_migration": true,
            "lco_migration": false
        },
        {
            "model_input_filepath": "//bosch.com/dfsrb/DfsDE/DIV/DGS/08/EC/20_CE/PJ/60_SRL_LCT/LC_TESTS/Projects/003/LCO_Projects/LCOV5.4.5/MED17.1.27/MED17.1.27_C/EA211_EU_R3_MQ_CANv5/Released/191018_163927_vme.zip",
            "customer_group": "VW",
            "tis_artifact_name": "VW MDL : MED17.1.27_C / EA211_EU_R3_MQ_CANv5 ; 191023",
            "tis_artifact_path": "xCU Projects/MED17127/D17127V32C001/Model/HiL/SWB26.1/VME",
            "tis_migration": true,
            "lco_migration": false
        },
        {
            "model_input_filepath": "//bosch.com/dfsrb/DfsDE/DIV/DGS/08/EC/20_CE/PJ/60_SRL_LCT/LC_TESTS/Projects/003/LCO_Projects/LCOV5.4.5/MED17.1.27/MED17.1.27_C/EA211_EU_R3_MQ_CANv5/Released/200219_111939_vme.zip",
            "customer_group": "VW",
            "tis_artifact_name": "VW MDL : MED17.1.27_C / EA211_EU_R3_MQ_CANv5 ; 200219",
            "tis_artifact_path": "xCU Projects/MED17127/D17127V32C001/Model/HiL/SWB26.1/VME",
            "tis_migration": true,
            "lco_migration": false
        },
        {
            "model_input_filepath": "//bosch.com/dfsrb/DfsDE/DIV/DGS/08/EC/20_CE/PJ/60_SRL_LCT/LC_TESTS/Projects/003/LCO_Projects/LCOV5.4.5/MED17.1.27/MED17.1.27_C/EA211_EU_R3_MQ_CANv5/Released/200225_053921_vme.zip",
            "customer_group": "VW",
            "tis_artifact_name": "VW MDL : MED17.1.27_C / EA211_EU_R3_MQ_CANv5 ; 200225",
            "tis_artifact_path": "xCU Projects/MED17127/D17127V32C001/Model/HiL/SWB26.1/VME",
            "tis_migration": true,
            "lco_migration": false
        },
        {
            "model_input_filepath": "//bosch.com/dfsrb/DfsDE/DIV/DGS/08/EC/20_CE/PJ/60_SRL_LCT/LC_TESTS/Projects/003/LCO_Projects/LCOV5.4.5/MED17.1.27/MED17.1.27_C/EA211_EU_R3_MQ_CANv7/Released/190819_092152_vme.zip",
            "customer_group": "VW",
            "tis_artifact_name": "VW MDL : MED17.1.27_C / EA211_EU_R3_MQ_CANv7 ; 190819",
            "tis_artifact_path": "xCU Projects/MED17127/D17127V39C001/Model/HiL/SWB26.1/VME",
            "tis_migration": true,
            "lco_migration": false
        },
        {
            "model_input_filepath": "//bosch.com/dfsrb/DfsDE/DIV/DGS/08/EC/20_CE/PJ/60_SRL_LCT/LC_TESTS/Projects/003/LCO_Projects/LCOV5.4.5/MED17.1.27/MED17.1.27_C/EA211_EU_R4_AQ_CANv7/Released/200922_225826_vme.zip",
            "customer_group": "VW",
            "tis_artifact_name": "VW MDL : MED17.1.27_C / EA211_EU_R4_AQ_CANv7 ; 200922",
            "tis_artifact_path": "xCU Projects/MED17127/D17127V01C001/Model/HiL/SWB26.1/VME",
            "tis_migration": true,
            "lco_migration": false
        },
        {
            "model_input_filepath": "//bosch.com/dfsrb/DfsDE/DIV/DGS/08/EC/20_CE/PJ/60_SRL_LCT/LC_TESTS/Projects/003/LCO_Projects/LCOV5.4.5/MED17.1.27/MED17.1.27_C/EA211_EU_R4_DQ_CANv5/Released/190304_103209_vme.zip",
            "customer_group": "VW",
            "tis_artifact_name": "VW MDL : MED17.1.27_C / EA211_EU_R4_DQ_CANv5 ; 190304",
            "tis_artifact_path": "xCU Projects/MED17127/D17127V02C001/Model/HiL/SWB26.1/VME",
            "tis_migration": true,
            "lco_migration": false
        },
        {
            "model_input_filepath": "//bosch.com/dfsrb/DfsDE/DIV/DGS/08/EC/20_CE/PJ/60_SRL_LCT/LC_TESTS/Projects/003/LCO_Projects/LCOV5.4.5/MED17.1.27/MED17.1.27_C/EA211_EU_R4_DQ_CANv5/Released/220825_090637_vme.zip",
            "customer_group": "VW",
            "tis_artifact_name": "VW MDL : MED17.1.27_C / EA211_EU_R4_DQ_CANv5 ; 220829",
            "tis_artifact_path": "xCU Projects/MED17127/D17127V02C001/Model/HiL/SWB26.1/VME",
            "tis_migration": true,
            "lco_migration": false
        },
        {
            "model_input_filepath": "//bosch.com/dfsrb/DfsDE/DIV/DGS/08/EC/20_CE/PJ/60_SRL_LCT/LC_TESTS/Projects/003/LCO_Projects/LCOV5.4.5/MED17.1.27/MED17.1.27_C/EA211_EU_R4_DQ_CANv7/Released/190325_094440_vme.zip",
            "customer_group": "VW",
            "tis_artifact_name": "VW MDL : MED17.1.27_C / EA211_EU_R4_DQ_CANv7 ; 190325",
            "tis_artifact_path": "xCU Projects/MED17127/D17127V01C001/Model/HiL/SWB26.1/VME",
            "tis_migration": true,
            "lco_migration": false
        },
        {
            "model_input_filepath": "//bosch.com/dfsrb/DfsDE/DIV/DGS/08/EC/20_CE/PJ/60_SRL_LCT/LC_TESTS/Projects/003/LCO_Projects/LCOV5.4.5/MED17.1.27/MED17.1.27_C/EA211_EU_R4_DQ_CANv7/Released/210324_200351_vme.zip",
            "customer_group": "VW",
            "tis_artifact_name": "VW MDL : MED17.1.27_C / EA211_EU_R4_DQ_CANv7 ; 210324",
            "tis_artifact_path": "xCU Projects/MED17127/D17127V01C001/Model/HiL/SWB26.1/VME",
            "tis_migration": true,
            "lco_migration": false
        },
        {
            "model_input_filepath": "//bosch.com/dfsrb/DfsDE/DIV/DGS/08/EC/20_CE/PJ/60_SRL_LCT/LC_TESTS/Projects/003/LCO_Projects/LCOV5.4.5/MED17.1.27/MED17.1.27_C/EA211_EU_R4_MQ_CANv5/Released/190318_070008_vme.zip",
            "customer_group": "VW",
            "tis_artifact_name": "VW MDL : MED17.1.27_C / EA211_EU_R4_MQ_CANv5 ; 190319",
            "tis_artifact_path": "xCU Projects/MED17127/D17127V02C001/Model/HiL/SWB26.1/VME",
            "tis_migration": true,
            "lco_migration": false
        },
        {
            "model_input_filepath": "//bosch.com/dfsrb/DfsDE/DIV/DGS/08/EC/20_CE/PJ/60_SRL_LCT/LC_TESTS/Projects/003/LCO_Projects/LCOV5.4.5/MED17.1.27/MED17.1.27_C/EA211_US_R4_AT_CANv7/Released/190604_121723_vme.zip",
            "customer_group": "VW",
            "tis_artifact_name": "VW MDL : MED17.1.27_C / EA211_US_R4_AT_CANv7 ; 190604",
            "tis_artifact_path": "xCU Projects/MED17127/D17127V07C001/Model/HiL/SWB26.1/VME",
            "tis_migration": true,
            "lco_migration": false
        },
        {
            "model_input_filepath": "//bosch.com/dfsrb/DfsDE/DIV/DGS/08/EC/20_CE/PJ/60_SRL_LCT/LC_TESTS/Projects/003/LCO_Projects/LCOV5.4.5/MED17.1.27/MED17.1.27_C/EA211_US_R4_AT_CANv7/Released/190925_170840_vme.zip",
            "customer_group": "VW",
            "tis_artifact_name": "VW MDL : MED17.1.27_C / EA211_US_R4_AT_CANv7 ; 190925",
            "tis_artifact_path": "xCU Projects/MED17127/D17127V07C001/Model/HiL/SWB26.1/VME",
            "tis_migration": true,
            "lco_migration": false
        },
        {
            "model_input_filepath": "//bosch.com/dfsrb/DfsDE/DIV/DGS/08/EC/20_CE/PJ/60_SRL_LCT/LC_TESTS/Projects/003/LCO_Projects/LCOV5.4.5/MED17.1.27/MED17.1.27_C/EA211_US_R4_AT_CANv7/Released/191011_181600_vme.zip",
            "customer_group": "VW",
            "tis_artifact_name": "VW MDL : MED17.1.27_C / EA211_US_R4_AT_CANv7 ; 191011",
            "tis_artifact_path": "xCU Projects/MED17127/D17127V07C001/Model/HiL/SWB26.1/VME",
            "tis_migration": true,
            "lco_migration": false
        },
        {
            "model_input_filepath": "//bosch.com/dfsrb/DfsDE/DIV/DGS/08/EC/20_CE/PJ/60_SRL_LCT/LC_TESTS/Projects/003/LCO_Projects/LCOV5.4.5/MED17.1.27/MED17.1.27_C/EA211_US_R4_AT_CANv7/Released/210312_085054_vme.zip",
            "customer_group": "VW",
            "tis_artifact_name": "VW MDL : MED17.1.27_C / EA211_US_R4_AT_CANv7 ; 210312",
            "tis_artifact_path": "xCU Projects/MED17127/D17127V07C001/Model/HiL/SWB26.1/VME",
            "tis_migration": true,
            "lco_migration": false
        },
        {
            "model_input_filepath": "//bosch.com/dfsrb/DfsDE/DIV/DGS/08/EC/20_CE/PJ/60_SRL_LCT/LC_TESTS/Projects/003/LCO_Projects/LCOV5.4.5/MED17.1.27/MED17.1.27_C/EA211_US_R4_MQ_CANv7/Released/190612_145851_vme.zip",
            "customer_group": "VW",
            "tis_artifact_name": "VW MDL : MED17.1.27_C / EA211_US_R4_MQ_CANv7 ; 190612",
            "tis_artifact_path": "xCU Projects/MED17127/D17127V07C001/Model/HiL/SWB26.1/VME",
            "tis_migration": true,
            "lco_migration": false
        },
        {
            "model_input_filepath": "//bosch.com/dfsrb/DfsDE/DIV/DGS/08/EC/20_CE/PJ/60_SRL_LCT/LC_TESTS/Projects/003/LCO_Projects/LCOV5.4.5/MED17.1.27/MED17.1.27_C/EA211_US_R4_MQ_CANv7/Released/190923_215149_vme.zip",
            "customer_group": "VW",
            "tis_artifact_name": "VW MDL : MED17.1.27_c / EA211_US_R4_MQ_CANv7 ; 190923",
            "tis_artifact_path": "xCU Projects/MED17127/D17127V07C001/Model/HiL/SWB26.1/VME",
            "tis_migration": true,
            "lco_migration": false
        },
        {
            "model_input_filepath": "//bosch.com/dfsrb/DfsDE/DIV/DGS/08/EC/20_CE/PJ/60_SRL_LCT/LC_TESTS/Projects/003/LCO_Projects/LCOV5.4.5/MED17.1.27/MED17.1.27_C/EA211_US_R4_MQ_CANv7/Released/191011_185802_vme.zip",
            "customer_group": "VW",
            "tis_artifact_name": "VW MDL : MED17.1.27_C / EA211_US_R4_MT_CANv7 ; 191011",
            "tis_artifact_path": "xCU Projects/MED17127/D17127V07C001/Model/HiL/SWB26.1/VME",
            "tis_migration": true,
            "lco_migration": false
        },
        {
            "model_input_filepath": "//bosch.com/dfsrb/DfsDE/DIV/DGS/08/EC/20_CE/PJ/60_SRL_LCT/LC_TESTS/Projects/003/LCO_Projects/LCOV5.4.5/MED17.1.27/MED17.1.27_C/EA211_US_R4_MQ_CANv7/Released/210312_074120_vme.zip",
            "customer_group": "VW",
            "tis_artifact_name": "VW MDL : MED17.1.27_C / EA211_US_R4_MQ_CANv7 ; 210312",
            "tis_artifact_path": "xCU Projects/MED17127/D17127V07C001/Model/HiL/SWB26.1/VME",
            "tis_migration": true,
            "lco_migration": false
        },
        {
            "model_input_filepath": "//bosch.com/dfsrb/DfsDE/DIV/DGS/08/EC/20_CE/PJ/60_SRL_LCT/LC_TESTS/Projects/003/LCO_Projects/LCOV5.4.5/MED17.5.2/2.0_SULEV_Bosch/Released/191010_150331_vme.zip",
            "customer_group": "VW",
            "tis_artifact_name": "VW MDL : MED17.5.2 / 2.0_SULEV_Bosch; 191107",
            "tis_artifact_path": "xCU Projects/MED1752/D1752V07C000/Model/HiL/SWB26.1/VME",
            "tis_migration": true,
            "lco_migration": false
        },
        {
            "model_input_filepath": "//bosch.com/dfsrb/DfsDE/DIV/DGS/08/EC/20_CE/PJ/60_SRL_LCT/LC_TESTS/Projects/003/LCO_Projects/LCOV5.4.5/MED17.5.2/2.0_ULEV_Hitachi/Released/191010_150125_vme.zip",
            "customer_group": "VW",
            "tis_artifact_name": "VW MDL : MED17.5.2 / 2.0_ULEV_Hitachi; 191107",
            "tis_artifact_path": "xCU Projects/MED1752/D1752V07C000/Model/HiL/SWB26.1/VME",
            "tis_migration": true,
            "lco_migration": false
        },
        {
            "model_input_filepath": "//bosch.com/dfsrb/DfsDE/DIV/DGS/08/EC/20_CE/PJ/60_SRL_LCT/LC_TESTS/Projects/003/LCO_Projects/LCOV5.4.5/MED17.5.21/MED17.5.21_C2/EA211_R3_CANv5/Released/191106_050403_vme.zip",
            "customer_group": "VW",
            "tis_artifact_name": "VW MDL : MED17.5.21_C2 / EA211_R3_CANv5 ; 191106",
            "tis_artifact_path": "xCU Projects/MED17521/D17521V92C002/Model/HiL/SWB26.1/VME",
            "tis_migration": true,
            "lco_migration": false
        },
        {
            "model_input_filepath": "//bosch.com/dfsrb/DfsDE/DIV/DGS/08/EC/20_CE/PJ/60_SRL_LCT/LC_TESTS/Projects/003/LCO_Projects/LCOV5.4.5/MED17.5.21/MED17.5.21_C2/EA211_R3_CANv5_E100/Released/190724_085146_vme.zip",
            "customer_group": "VW",
            "tis_artifact_name": "VW MDL : MED17.5.21_C2 / EA211_R3_E100_CANv5 ; 190724",
            "tis_artifact_path": "xCU Projects/MED17521/D17521V36C002/Model/HiL/SWB26.1/VME",
            "tis_migration": true,
            "lco_migration": false
        },
        {
            "model_input_filepath": "//bosch.com/dfsrb/DfsDE/DIV/DGS/08/EC/20_CE/PJ/60_SRL_LCT/LC_TESTS/Projects/003/LCO_Projects/LCOV5.4.5/MED17.5.21/MED17.5.21_C2/EA211_R3_CANv7/Released/191209_075530_vme.zip",
            "customer_group": "VW",
            "tis_artifact_name": "VW MDL : MED17.5.21_C2 / EA211_R3_CANv7 ; 191209",
            "tis_artifact_path": "xCU Projects/MED17521/D17521V93C002/Model/HiL/SWB26.1/VME",
            "tis_migration": true,
            "lco_migration": false
        },
        {
            "model_input_filepath": "//bosch.com/dfsrb/DfsDE/DIV/DGS/08/EC/20_CE/PJ/60_SRL_LCT/LC_TESTS/Projects/003/LCO_Projects/LCOV5.4.5/MED17.5.21/MED17.5.21_C2/EA211_R4_CANv7_CNG/Released/190704_152257_vme.zip",
            "customer_group": "VW",
            "tis_artifact_name": "VW MDL : MED17.5.21_C2 / EA211_R4_CNG_CANV7: 190704",
            "tis_artifact_path": "xCU Projects/MED 17521/D17521V09C002/Model/HiL/SWB26.1/VME",
            "tis_migration": true,
            "lco_migration": false
        },
        {
            "model_input_filepath": "//bosch.com/dfsrb/DfsDE/DIV/DGS/08/EC/20_CE/PJ/60_SRL_LCT/LC_TESTS/Projects/003/LCO_Projects/LCOV5.4.5/MED17.5.21/MED17.5.21_EV/EV_VW_eUp/Released/191011_094217_vme.zip",
            "customer_group": "VW",
            "tis_artifact_name": "VW MDL : MED17.5.21_EV/ EV_VW_eUP_CANv5 : 191016",
            "tis_artifact_path": "xCU Projects/MED17521/E17521VEUC000/Model/HiL/SWB26.1/VME",
            "tis_migration": true,
            "lco_migration": false
        },
        {
            "model_input_filepath": "//bosch.com/dfsrb/DfsDE/DIV/DGS/08/EC/20_CE/PJ/60_SRL_LCT/LC_TESTS/Projects/003/LCO_Projects/LCOV5.4.5/MED17.5.25/MED17.5.25_C1/HI3_CANv5_CNG/Released/190611_115032_vme.zip",
            "customer_group": "VW",
            "tis_artifact_name": "VW MDL : MED17.5.25 / HI3_CANv5_CNG ; 190621",
            "tis_artifact_path": "xCU Projects/MED17127/D17525V84C001/Model/HiL/SWB26.1/VME",
            "tis_migration": true,
            "lco_migration": false
        },
        {
            "model_input_filepath": "//bosch.com/dfsrb/DfsDE/DIV/DGS/08/EC/20_CE/PJ/60_SRL_LCT/LC_TESTS/Projects/003/LCO_Projects/LCOV5.4.5/MED17.5.25/MED17.5.25_C1/HI3_CANv5_E100/Released/190611_120057_vme.zip",
            "customer_group": "VW",
            "tis_artifact_name": "VW MDL : MED17.5.25 / HI3_CANv5_E100 ; 190624",
            "tis_artifact_path": "xCU Projects/MED17127/D17525V86C001/Model/HiL/SWB26.1/VME",
            "tis_migration": true,
            "lco_migration": false
        },
        {
            "model_input_filepath": "//bosch.com/dfsrb/DfsDE/DIV/DGS/08/EC/20_CE/PJ/60_SRL_LCT/LC_TESTS/Projects/003/LCO_Projects/LCOV5.4.5/MED17.5.25/MED17.5.25_C1/HI3_CANv7_E100/Released/190722_072333_vme.zip",
            "customer_group": "VW",
            "tis_artifact_name": "VW MDL : MED17.5.25 / HI3_CANv7_E100 ; 190729",
            "tis_artifact_path": "xCU Projects/MED17127/D17525V80C001/Model/HiL/SWB26.1/VME",
            "tis_migration": true,
            "lco_migration": false
        },
        {
            "model_input_filepath": "//bosch.com/dfsrb/DfsDE/DIV/DGS/08/EC/20_CE/PJ/60_SRL_LCT/LC_TESTS/Projects/003/LCO_Projects/LCOV5.4.5/MG1CA811/MG1CA811_C/EA211_BZ_R3_MPI_CANv5/Released/210716_214356_vme.zip",
            "customer_group": "VW",
            "tis_artifact_name": "VW MDL : MG1CA811_C / EA211_BZ_R3_MPI_CANv5 ; 210716",
            "tis_artifact_path": "xCU Projects/MG1CA811/DMG1811V21C2304/Model/HiL/SWB26.1/VME",
            "tis_migration": true,
            "lco_migration": false
        },
        {
            "model_input_filepath": "//bosch.com/dfsrb/DfsDE/DIV/DGS/08/EC/20_CE/PJ/60_SRL_LCT/LC_TESTS/Projects/003/LCO_Projects/LCOV5.4.5/MG1CA811/MG1CA811_C/EA211_BZ_R3_MPI_CANv7/Released/201019_110627_vme.zip",
            "customer_group": "VW",
            "tis_artifact_name": "VW MDL : MG1CA811_C / EA211_BZ_R3_MPI_CANv7 ; 201019",
            "tis_artifact_path": "xCU Projects/MG1CA811/DMG1811V20C2177/Model/HiL/SWB26.1/VME",
            "tis_migration": true,
            "lco_migration": false
        },
        {
            "model_input_filepath": "//bosch.com/dfsrb/DfsDE/DIV/DGS/08/EC/20_CE/PJ/60_SRL_LCT/LC_TESTS/Projects/003/LCO_Projects/LCOV5.4.5/MG1CA811/MG1CA811_C/EA211_BZ_R3_MPI_CANv7/Released/220207_042429_vme.zip",
            "customer_group": "VW",
            "tis_artifact_name": "VW MDL : MG1CA811_C / EA211_BZ_R3_MPI_CANv7 ; 220207",
            "tis_artifact_path": "xCU Projects/MG1CA811/DMG1811V20C2177/Model/HiL/SWB26.1/VME",
            "tis_migration": true,
            "lco_migration": false
        },
        {
            "model_input_filepath": "//bosch.com/dfsrb/DfsDE/DIV/DGS/08/EC/20_CE/PJ/60_SRL_LCT/LC_TESTS/Projects/003/LCO_Projects/LCOV5.4.5/MG1CA811/MG1CA811_C/EA211_BZ_R4_MPI_CANv5/Released/210716_205053_vme.zip",
            "customer_group": "VW",
            "tis_artifact_name": "VW MDL : MG1CA811_C / EA211_BZ_R4_MPI_CANv5 ; 210716",
            "tis_artifact_path": "xCU Projects/MG1CA811/DMG1811V22C2303/Model/HiL/SWB26.1/VME",
            "tis_migration": true,
            "lco_migration": false
        },
        {
            "model_input_filepath": "//bosch.com/dfsrb/DfsDE/DIV/DGS/08/EC/20_CE/PJ/60_SRL_LCT/LC_TESTS/Projects/003/LCO_Projects/LCOV5.4.5/MG1CA811/MG1CA811_C/EA211_BZ_R4_MPI_CANv5/Released/220207_095043_vme.zip",
            "customer_group": "VW",
            "tis_artifact_name": "VW MDL : MG1CA811_C / EA211_BZ_R4_MPI_CANv5 ; 220224",
            "tis_artifact_path": "xCU Projects/MG1CA811/DMG1811V15C2365/Model/HiL/SWB26.1/VME",
            "tis_migration": true,
            "lco_migration": false
        },
        {
            "model_input_filepath": "//bosch.com/dfsrb/DfsDE/DIV/DGS/08/EC/20_CE/PJ/60_SRL_LCT/LC_TESTS/Projects/003/LCO_Projects/LCOV5.4.5/MG1CA811/MG1CA811_C/EA211_R4_MPI_CANv7/Released/190918_112659_vme.zip",
            "customer_group": "VW",
            "tis_artifact_name": "VW MDL : MG1CA811_C / EA211_R4_MPI_CANv7 ; 190918",
            "tis_artifact_path": "xCU Projects/MG1CA811/DMG1811V14C2005/Model/HiL/SWB26.1/VME",
            "tis_migration": true,
            "lco_migration": false
        },
        {
            "model_input_filepath": "//bosch.com/dfsrb/DfsDE/DIV/DGS/08/EC/20_CE/PJ/60_SRL_LCT/LC_TESTS/Projects/003/LCO_Projects/LCOV5.4.5/MG1CA811/MG1CA811_C/EA211_R4_MPI_CANv7/Released/220221_083032_vme.zip",
            "customer_group": "VW",
            "tis_artifact_name": "VW MDL : MG1CA811_C / EA211_R4_MPI_CANv7 ; 220222",
            "tis_artifact_path": "xCU Projects/MG1CA811/DMG1811V15C2365/Model/HiL/SWB26.1/VME",
            "tis_migration": true,
            "lco_migration": false
        },
        {
            "model_input_filepath": "//bosch.com/dfsrb/DfsDE/DIV/DGS/08/EC/20_CE/PJ/60_SRL_LCT/LC_TESTS/Projects/003/LCO_Projects/LCOV5.4.5/MG1CA811/MG1CA811_C_VeMoX_R270/EA211_R4_GPF_MPI_CANv7/Released/220802_160515_vme.zip",
            "customer_group": "VW",
            "tis_artifact_name": "VW MDL : MG1CA811_C / EA211_R4_GPF_MPI_MT_CANv7 ; 220802",
            "tis_artifact_path": "xCU Projects/MG1CA811/DMG1811V03C1834/Model/HiL/SWB26.1/VME",
            "tis_migration": true,
            "lco_migration": false
        },
        {
            "model_input_filepath": "//bosch.com/dfsrb/DfsDE/DIV/DGS/08/EC/20_CE/PJ/60_SRL_LCT/LC_TESTS/Projects/003/LCO_Projects/LCOV5.4.5/MG1CS001/PQ35_AT/Released/210125_093445_vme.zip",
            "customer_group": "VW",
            "tis_artifact_name": "VW MDL : MG1CS001_C / 1648_PQ35_AT_CANv5 ; 210125",
            "tis_artifact_path": "xCU Projects/MG1CS001/DMG1001V01C1648/Model/HiL/SWB26.1/VME",
            "tis_migration": true,
            "lco_migration": false
        },
        {
            "model_input_filepath": "//bosch.com/dfsrb/DfsDE/DIV/DGS/08/EC/20_CE/PJ/60_SRL_LCT/LC_TESTS/Projects/003/LCO_Projects/LCOV5.4.5/MG1CS011/MG1CS011_C_JDP/96kW_MQ_CANv719/Released/191016_111854_vme.zip",
            "customer_group": "VW",
            "tis_artifact_name": "VW MDL : MG1CS011_C_JDP / EA211_96kW_MQ_CANv719 ; 191016",
            "tis_artifact_path": "xCU Projects/MG1CS011/DMG1011V01CJ002 (C Line)/Model/HiL/SWB26.1/VME",
            "tis_migration": true,
            "lco_migration": false
        },
        {
            "model_input_filepath": "//bosch.com/dfsrb/DfsDE/DIV/DGS/08/EC/20_CE/PJ/60_SRL_LCT/LC_TESTS/Projects/003/LCO_Projects/LCOV5.4.5/MG1CS211/MG1CS211_C_EA211Classic/EA211_CN_R4_DQ_CANv7/Released/190619_063052_vme.zip",
            "customer_group": "VW",
            "tis_artifact_name": "VW MDL : MG1CS211_C_EA211Classic / EA211_CN_R4_DQ_CANv7 ; 190619",
            "tis_artifact_path": "xCU Projects/MG1CS211/DMG1211V82C1933/Model/HiL/SWB26.1/VME",
            "tis_migration": true,
            "lco_migration": false
        },
        {
            "model_input_filepath": "//bosch.com/dfsrb/DfsDE/DIV/DGS/08/EC/20_CE/PJ/60_SRL_LCT/LC_TESTS/Projects/003/LCO_Projects/LCOV5.4.5/MG1CS211/MG1CS211_C_EA211Classic/EA211_CN_R4_DQ_CANv9/Released/190719_122307_vme.zip",
            "customer_group": "VW",
            "tis_artifact_name": "VW MDL : MG1CS211_C_EA211Classic / EA211_CN_R4_DQ_CANv9 ; 19mmdd",
            "tis_artifact_path": "xCU Projects/MG1CS211/DMG1211V81C1932/Model/HiL/SWB26.1/VME",
            "tis_migration": true,
            "lco_migration": false
        },
        {
            "model_input_filepath": "//bosch.com/dfsrb/DfsDE/DIV/DGS/08/EC/20_CE/PJ/60_SRL_LCT/LC_TESTS/Projects/003/LCO_Projects/LCOV5.4.5/MG1CS211/MG1CS211_C_EA211Classic/EA211_CN_R4_DQ_CANv9/Released/190914_100127_vme.zip",
            "customer_group": "VW",
            "tis_artifact_name": "VW MDL : MG1CS211_C_EA211Classic / EA211_CN_R4_DQ_CANv9 ; 190914",
            "tis_artifact_path": "xCU Projects/MG1CS211/DMG1211V81C1932/Model/HiL/SWB26.1/VME",
            "tis_migration": true,
            "lco_migration": false
        },
        {
            "model_input_filepath": "//bosch.com/dfsrb/DfsDE/DIV/DGS/08/EC/20_CE/PJ/60_SRL_LCT/LC_TESTS/Projects/003/LCO_Projects/LCOV5.4.5/MG1CS211/MG1CS211_C_EA211Classic/EA211_CN_R4_DQ_CANv9/Released/200124_181900_vme.zip",
            "customer_group": "VW",
            "tis_artifact_name": "VW MDL : MG1CS211_C_EA211Classic / EA211_CN_R4_DQ_CANv9 ; 19mmdd",
            "tis_artifact_path": "xCU Projects/MG1CS211/DMG1211V81C1932/Model/HiL/SWB26.1/VME",
            "tis_migration": true,
            "lco_migration": false
        },
        {
            "model_input_filepath": "//bosch.com/dfsrb/DfsDE/DIV/DGS/08/EC/20_CE/PJ/60_SRL_LCT/LC_TESTS/Projects/003/LCO_Projects/LCOV5.4.5/MG1CS211/MG1CS211_C_EA211Evo/118kW_CN_OPF_DQ_CANV9/Released/200511_120906_vme.zip",
            "customer_group": "VW",
            "tis_artifact_name": "VW MDL : MG1CS211_C_EA211Evo / 118KW_CN_OPF_DQ_CANv9 ; 200511",
            "tis_artifact_path": "xCU Projects/MG1CS211_34/DMG1211V71C2114/Model/HiL/SWB26.1/VME",
            "tis_migration": true,
            "lco_migration": false
        },
        {
            "model_input_filepath": "//bosch.com/dfsrb/DfsDE/DIV/DGS/08/EC/20_CE/PJ/60_SRL_LCT/LC_TESTS/Projects/003/LCO_Projects/LCOV5.4.5/MG1CS211/MG1CS211_C_PHEV/EA211_TSIevo_R4_PHEV_T7_CANv9/Released/200422_192407_vme.zip",
            "customer_group": "VW",
            "tis_artifact_name": "VW MDL : MG1CS211_C_PHEV / EA211_TSIevo_R4_PHEV_T7_CANv9 ; 200422",
            "tis_artifact_path": "xCU Projects/MG1CS211/DMG1211VH1C1989/Model/HiL/SWB26.1/VME",
            "tis_migration": true,
            "lco_migration": false
        },
        {
            "model_input_filepath": "//bosch.com/dfsrb/DfsDE/DIV/DGS/08/EC/20_CE/PJ/60_SRL_LCT/LC_TESTS/Projects/003/LCO_Projects/LCOV5.4.5/MG1CS211/MG1CS211_C_PHEV/EA211_TSI_R4_PHEV_CANv9/Released/181018_170625_vme.zip",
            "customer_group": "VW",
            "tis_artifact_name": "MG1CS211_C_PHEV / EA211_TSI_R4_PHEV_CANv9 ; 18mmdd",
            "tis_artifact_path": "xCU Projects/MG1CS211/DMG1211VH1C1809/Model/HiL/SWB26.1/VME",
            "tis_migration": true,
            "lco_migration": false
        },
        {
            "model_input_filepath": "//bosch.com/dfsrb/DfsDE/DIV/DGS/08/EC/20_CE/PJ/60_SRL_LCT/LC_TESTS/Projects/003/LCO_Projects/LCOV5.4.5/MG1CS211/MG1CS211_C_PHEV/EA211_TSI_R4_PHEV_CANv9/Released/181105_181906_vme.zip",
            "customer_group": "VW",
            "tis_artifact_name": "VW MDL : MG1CS211_C_PHEV / EA211_TSI_R4_PHEV_CANv9 ; 18mmdd",
            "tis_artifact_path": "xCU Projects/MG1CS211/DMG1211VH1C1809/Model/HiL/SWB26.1/VME",
            "tis_migration": true,
            "lco_migration": false
        },
        {
            "model_input_filepath": "//bosch.com/dfsrb/DfsDE/DIV/DGS/08/EC/20_CE/PJ/60_SRL_LCT/LC_TESTS/Projects/003/LCO_Projects/LCOV5.4.5/MG1CS211/MG1CS211_C_PHEV/EA211_TSI_R4_PHEV_CANv9/Released/190315_050625_vme.zip",
            "customer_group": "VW",
            "tis_artifact_name": "VW MDL : MG1CS211_C_PHEV / EA211_TSI_R4_PHEV_CANv9 ; 190315",
            "tis_artifact_path": "xCU Projects/MG1CS211/DMG1211VH1C1809/Model/HiL/SWB26.1/VME",
            "tis_migration": true,
            "lco_migration": false
        },
        {
            "model_input_filepath": "//bosch.com/dfsrb/DfsDE/DIV/DGS/08/EC/20_CE/PJ/60_SRL_LCT/LC_TESTS/Projects/003/LCO_Projects/LCOV5.4.5/MG1CS211/MG1CS211_C_PHEV/EA211_TSI_R4_PHEV_CANv9/Released/190416_200445_vme.zip",
            "customer_group": "VW",
            "tis_artifact_name": "VW MDL : MG1CS211_C_PHEV / EA211_TSI_R4_PHEV_CANv9 ; 190416",
            "tis_artifact_path": "xCU Projects/MG1CS211/DMG1211VH1C1809/Model/HiL/SWB26.1/VME",
            "tis_migration": true,
            "lco_migration": false
        },
        {
            "model_input_filepath": "//bosch.com/dfsrb/DfsDE/DIV/DGS/08/EC/20_CE/PJ/60_SRL_LCT/LC_TESTS/Projects/003/LCO_Projects/LCOV5.4.5/MG1CS211/MG1CS211_C_PHEV/EA211_TSI_R4_PHEV_CANv9/Released/190812_142659_vme.zip",
            "customer_group": "VW",
            "tis_artifact_name": "VW MDL : MG1CS211_C_PHEV / EA211_TSI_R4_PHEV_CANv9 ; 190812",
            "tis_artifact_path": "xCU Projects/MG1CS211/DMG1211VH1C1809/Model/HiL/SWB26.1/VME",
            "tis_migration": true,
            "lco_migration": false
        },
        {
            "model_input_filepath": "//bosch.com/dfsrb/DfsDE/DIV/DGS/08/EC/20_CE/PJ/60_SRL_LCT/LC_TESTS/Projects/003/LCO_Projects/LCOV5.4.5/MG1CS211/MG1CS211_C_PHEV/EA211_TSI_R4_PHEV_CANv9/Released/191024_164509_vme.zip",
            "customer_group": "VW",
            "tis_artifact_name": "VW MDL : MG1CS211_C_PHEV / EA211_TSI_R4_PHEV_CANv9 ; 191024",
            "tis_artifact_path": "xCU Projects/MG1CS211/DMG1211VH1C1809/Model/HiL/SWB26.1/VME",
            "tis_migration": true,
            "lco_migration": false
        },
        {
            "model_input_filepath": "//bosch.com/dfsrb/DfsDE/DIV/DGS/08/EC/20_CE/PJ/60_SRL_LCT/LC_TESTS/Projects/003/LCO_Projects/LCOV5.4.5/MG1CS211/MG1CS211_C_PHEV/EA211_TSI_R4_PHEV_CANv9/Released/200323_154341_vme.zip",
            "customer_group": "VW",
            "tis_artifact_name": "VW MDL : MG1CS211_C_PHEV / EA211_TSI_R4_PHEV_CANv9 ; 200323",
            "tis_artifact_path": "xCU Projects/MG1CS211/DMG1211VH1C1809/Model/HiL/SWB26.1/VME",
            "tis_migration": true,
            "lco_migration": false
        },
        {
            "model_input_filepath": "//bosch.com/dfsrb/DfsDE/DIV/DGS/08/EC/20_CE/PJ/60_SRL_LCT/LC_TESTS/Projects/003/LCO_Projects/LCOV5.4.5/MG1CS211/MG1CS211_C_PHEV/EA211_TSI_R4_PHEV_CANv9/Released/200626_153032_vme.zip",
            "customer_group": "VW",
            "tis_artifact_name": "VW MDL : MG1CS211_C_PHEV / EA211_TSI_R4_PHEV_CANv9 ; 200626",
            "tis_artifact_path": "xCU Projects/MG1CS211/DMG1211VH1C1809/Model/HiL/SWB26.1/VME",
            "tis_migration": true,
            "lco_migration": false
        },
        {
            "model_input_filepath": "//bosch.com/dfsrb/DfsDE/DIV/DGS/08/EC/20_CE/PJ/60_SRL_LCT/LC_TESTS/Projects/003/LCO_Projects/LCOV5.4.5/MG1CS211/MG1CS211_C_PHEV/EA211_TSI_R4_PHEV_CANv9/Released/201116_174022_vme.zip",
            "customer_group": "VW",
            "tis_artifact_name": "VW MDL : MG1CS211_C_PHEV / EA211_TSI_R4_PHEV_CANv9 ; 201116",
            "tis_artifact_path": "xCU Projects/MG1CS211/DMG1211VH1C1809/Model/HiL/SWB26.1/VME",
            "tis_migration": true,
            "lco_migration": false
        },
        {
            "model_input_filepath": "//bosch.com/dfsrb/DfsDE/DIV/DGS/08/EC/20_CE/PJ/60_SRL_LCT/LC_TESTS/Projects/003/LCO_Projects/LCOV5.4.11/MG1CA811/MG1CA811_C_VeMoX_R270/EA111_RSA_R4_MPI_AT_CANv5/Released/220406_114548_vme.zip",
            "customer_group": "VW",
            "tis_artifact_name": "VW MDL : MG1CA811_C / EA111_RSA_R4_MPI_CANv5 ; 220412",
            "tis_artifact_path": "xCU Projects/MG1CA811/DMG1811V31A2353/Model/HiL/SWB26.2/VME",
            "tis_migration": true,
            "lco_migration": false
        },
        {
            "model_input_filepath": "//bosch.com/dfsrb/DfsDE/DIV/DGS/08/EC/20_CE/PJ/60_SRL_LCT/LC_TESTS/Projects/003/LCO_Projects/LCOV5.4.11/MG1CA811/MG1CA811_C_VeMoX_R270/EA211_R4_MPI_AT_CANv7/Released/220422_072615_vme.zip",
            "customer_group": "VW",
            "tis_artifact_name": "VW MDL : MG1CA811_C / EA211_R4_MPI_AT_CANv7 ; 220425",
            "tis_artifact_path": "xCU Projects/MG1CA811/DMG1811V15C2365/Model/HiL/SWB26.2/VME",
            "tis_migration": true,
            "lco_migration": false
        },
        {
            "model_input_filepath": "//bosch.com/dfsrb/DfsDE/DIV/DGS/08/EC/20_CE/PJ/60_SRL_LCT/LC_TESTS/Projects/003/LCO_Projects/LCOV5.4.11/MG1CA811/MG1CA811_C_VeMoX_R270/EA211_R4_MPI_AT_CANv7/Released/220506_200350_vme.zip",
            "customer_group": "VW",
            "tis_artifact_name": "VW MDL : MG1CA811_C / EA211_R4_MPI_AT_CANv7 ; 220615",
            "tis_artifact_path": "xCU Projects/MG1CA811/DMG1811V14C2005/Model/HiL/SWB26.2/VME",
            "tis_migration": true,
            "lco_migration": false
        },
        {
            "model_input_filepath": "//bosch.com/dfsrb/DfsDE/DIV/DGS/08/EC/20_CE/PJ/60_SRL_LCT/LC_TESTS/Projects/003/LCO_Projects/LCOV5.4.11/MG1CS211/MG1CS211_C_PHEV/P1809_EA211_TSI_R4_PHEV_CANv9/Released/221027_172814_vme.zip",
            "customer_group": "VW",
            "tis_artifact_name": "VW MDL : MG1CS211_C_PHEV / P1809_EA211_TSI_R4_PHEV_CANv9 ; 221027",
            "tis_artifact_path": "xCU Projects/MG1CS211/DMG1211VH1C1809/Model/HiL/SWB26.2/VME",
            "tis_migration": true,
            "lco_migration": false
        }
    ]
}